order_id,item,price,notes,status,event_time,sale_date
2309,orange,12.5,Tempor do aliquip nisi irure sit aliqua ipsum do ad ipsum sed ullamco.,delivered,2025-08-14,2026-04-05
2206,banana,12.5,Commodo ut labore adipiscing reprehenderit labore sit amet duis nostrud commodo aliquip veniam reprehenderit.,delivered,2025-03-22,2025-10-28
2698,APPLE,100.0,Sed dolor laboris ea voluptate duis aute dolore ut consequat adipiscing et.,shipped,2025-03-15,2025-06-25
2093,Banana,45.0,Dolore voluptate ullamco veniam nisi duis ea do ipsum ut tempor.,packed,2025-11-19,2025-08-06
2342,Apple,22.99,Ut tempor eiusmod quis tempor nostrud irure magna do voluptate ad sit dolor.,ordered,2025-06-06,2025-06-13
2622,mango,8.0,Dolore voluptate minim reprehenderit aute lorem ut nisi veniam tempor ullamco.,ordered,2025-10-28,2026-03-22
1323,Apple,12.5,Aute tempor ad elit dolor aute incididunt ullamco exercitation adipiscing ex veniam ea.,ordered,2025-11-28,2026-05-16
1039,orange,100.0,Commodo eiusmod eiusmod quis sit aliquip consequat voluptate minim consectetur laboris in elit minim.,delivered,2025-08-05,2025-07-25
2460,banana,22.99,Ullamco aliqua minim consectetur do labore nostrud do do sit ullamco do irure.,shipped,2025-03-14,2025-09-01
1570,Apple,N/A,Consectetur in quis enim ea commodo sed amet aliqua aliqua enim aliquip.,ordered,2025-03-04,2026-02-17
2491,Mango,8.0,Sed veniam adipiscing elit ut aute sit commodo duis.,ordered,2025-02-21,2025-01-16
2984,orange,N/A,Magna enim aute irure elit lorem dolore dolor ea.,shipped,2026-03-10,2026-05-14
1317,Banana,error,Reprehenderit quis veniam ex dolor nostrud ad duis adipiscing.,ordered,2025-07-10,2025-03-12
2218,orange,N/A,Consectetur irure eiusmod nostrud exercitation aliqua nostrud minim in sed ut.,packed,2025-09-29,2026-02-10
1268,banana,5.5,Dolor in lorem exercitation quis amet veniam ad consectetur et.,ordered,2025-09-08,2026-01-14
1583,ORANGE,5.5,Veniam ut voluptate commodo minim laboris veniam in amet aute tempor irure aliquip adipiscing.,shipped,2025-08-04,2025-12-18
1416,banana,5.5,Irure duis sit aliqua tempor lorem ea ullamco tempor aliquip.,delivered,2025-01-10,2025-04-25
1154,ORANGE,12.5,Et veniam aliqua ipsum et in reprehenderit ipsum et nisi laboris et quis aute.,packed,2025-08-31,2025-06-16
2999,ORANGE,22.99,Elit dolor ea magna laboris aliquip eiusmod adipiscing.,ordered,2026-01-27,2025-02-09
2758,Apple,N/A,Consequat ut ut commodo do ipsum sed labore aute.,shipped,2025-12-26,2026-02-14
2391,apple,100.0,Amet reprehenderit elit reprehenderit tempor amet aliqua aliquip.,shipped,2026-03-23,2025-04-29
1788,APPLE,N/A,Ipsum aliqua minim commodo nisi in aliquip sed aliqua in.,shipped,2025-11-18,2025-05-08
2474,banana,error,Magna magna incididunt consectetur aliqua in nisi irure exercitation incididunt veniam lorem incididunt.,delivered,2025-11-26,2026-04-22
1904,Apple,N/A,Enim irure commodo elit sit minim ullamco labore consequat ex laboris do.,packed,2025-05-31,2025-01-26
1094,Banana,5.5,Duis sit magna ullamco sed nisi ad eiusmod laboris lorem ex ea.,ordered,2026-03-12,2025-08-13
1360,apple,5.5,Veniam dolor consectetur consectetur ut minim quis ut.,delivered,2026-06-01,2026-03-13
2701,apple,5.5,Aliquip enim tempor eiusmod ullamco ex minim exercitation tempor.,ordered,2025-10-20,2025-08-29
1556,Mango,100.0,Sit adipiscing dolore adipiscing do magna labore enim dolor consequat dolore ea.,ordered,2026-01-25,2026-05-04
1012,Mango,error,Dolore irure consequat veniam aliquip commodo irure enim tempor enim dolore laboris commodo aliquip.,delivered,2025-05-11,2025-01-28
2857,mango,12.5,Ullamco consectetur ut dolor dolore do labore ex.,delivered,2025-10-12,2026-03-08
1516,orange,5.5,Ex dolor in do dolor reprehenderit ipsum ipsum.,packed,2025-07-24,2025-01-21
2272,ORANGE,N/A,Enim amet in ut tempor et exercitation reprehenderit ut.,packed,2025-11-15,2025-04-21
2185,Orange,error,Nisi reprehenderit magna ut sit nisi exercitation amet ea duis nostrud consectetur.,ordered,2025-12-22,2026-03-15
2354,Mango,8.0,Ullamco lorem aliqua ad aliqua et irure ut adipiscing elit minim ullamco.,delivered,2026-04-22,2026-03-23
2691,APPLE,error,Duis consequat sit aute eiusmod ut exercitation dolore ipsum duis.,packed,2026-05-15,2025-08-06
1726,banana,100.0,Aute ut tempor lorem in sit ut ad ex nisi.,delivered,2026-04-04,2025-01-18
1190,banana,N/A,Nisi ut nostrud enim minim aliqua ex labore ut tempor eiusmod.,ordered,2025-07-17,2025-11-20
1244,apple,45.0,Do enim aliquip reprehenderit minim incididunt amet sed do.,packed,2025-11-06,2025-01-15
2450,apple,45.0,Ipsum dolor incididunt in ullamco ex amet lorem incididunt enim.,shipped,2025-07-08,2025-02-22
1517,Apple,8.0,Dolor ad quis nisi adipiscing commodo in sit eiusmod veniam magna nostrud exercitation ea.,delivered,2026-04-07,2026-03-30
1608,APPLE,22.99,Quis dolor reprehenderit amet ex exercitation tempor sit eiusmod veniam.,packed,2025-01-03,2026-02-23
1922,APPLE,5.5,Ipsum incididunt incididunt duis sit eiusmod tempor commodo nostrud commodo.,packed,2026-03-12,2025-04-28
2115,Banana,45.0,Consequat sit elit ut ex quis incididunt consectetur nisi ut.,shipped,2026-05-28,2026-05-21
1896,orange,12.5,Aliquip nostrud ipsum do laboris aute nostrud lorem ex consequat quis.,packed,2026-04-27,2026-03-29
2876,banana,45.0,Aliqua consequat reprehenderit enim magna ut amet adipiscing magna ad laboris magna.,ordered,2026-04-11,2025-04-01
1644,banana,100.0,Reprehenderit magna minim voluptate laboris veniam magna sed.,shipped,2026-05-26,2026-03-29
2556,Orange,N/A,Veniam dolor aliqua ut consectetur reprehenderit exercitation eiusmod adipiscing veniam.,delivered,2025-04-06,2025-08-19
2723,orange,5.5,Ullamco adipiscing in incididunt ut magna enim enim.,delivered,2025-05-29,2026-01-28
1390,APPLE,45.0,Sit ea duis labore ea tempor lorem aliquip duis quis laboris aute ut enim.,shipped,2026-01-22,2026-04-12
2910,Mango,N/A,Eiusmod dolore duis magna ut enim dolor dolore voluptate commodo laboris adipiscing reprehenderit.,packed,2026-05-30,2025-12-06
2781,orange,5.5,Minim ut aliquip magna laboris adipiscing enim reprehenderit.,shipped,2026-02-12,2025-03-24
2744,Mango,22.99,Exercitation irure enim veniam exercitation eiusmod nisi incididunt do sit.,ordered,2025-04-13,2026-03-31
1340,banana,12.5,Ut dolor et aliqua eiusmod magna nisi elit.,packed,2025-03-22,2026-01-27
2269,Banana,5.5,Adipiscing ut eiusmod eiusmod lorem commodo irure nisi adipiscing aliqua labore nostrud.,delivered,2025-09-14,2026-04-13
2731,banana,N/A,Duis amet dolore et incididunt ut lorem consequat magna lorem aute.,ordered,2026-05-24,2025-10-21
2588,Banana,100.0,Ullamco exercitation nisi ut laboris duis ullamco irure ullamco.,shipped,2026-03-28,2025-02-04
2186,Mango,45.0,Dolor labore magna sed ea aute et ad.,shipped,2025-06-18,2025-09-21
2871,Apple,error,Aute commodo enim sit ex do nisi laboris magna duis veniam sit dolore.,shipped,2025-05-07,2026-04-11
1754,banana,22.99,Ullamco et nisi enim exercitation in labore exercitation ullamco ullamco ut ut ullamco consectetur.,ordered,2025-02-08,2025-11-08
2008,orange,8.0,Irure consectetur ut laboris aliquip in aliqua aliquip adipiscing.,delivered,2025-04-12,2026-05-17
2260,mango,error,Nisi do ut eiusmod et voluptate et irure.,shipped,2025-03-04,2026-02-12
1565,Banana,8.0,Consequat sit do ullamco reprehenderit dolor labore voluptate ea sed consequat veniam nostrud commodo.,packed,2025-12-03,2025-06-01
2615,APPLE,12.5,Duis adipiscing consectetur eiusmod elit laboris ipsum lorem ea eiusmod.,shipped,2025-01-17,2025-06-28
1543,Orange,45.0,Aliqua amet dolor ut et nostrud ut do exercitation aliquip dolor laboris incididunt.,ordered,2025-03-04,2026-05-06
2735,mango,22.99,Amet ut ut irure ut adipiscing consectetur exercitation nostrud ut dolore nostrud incididunt.,delivered,2025-04-12,2025-04-28
2746,apple,N/A,Ut do labore ut magna amet aliqua laboris dolore adipiscing dolor.,ordered,2025-04-04,2025-03-29
1190,mango,8.0,Aliquip commodo veniam nostrud quis labore consectetur et laboris ex aute aliquip reprehenderit.,shipped,2025-12-27,2025-04-17
2183,apple,N/A,Laboris do amet duis et ex quis commodo duis.,ordered,2025-10-01,2025-01-30
1369,banana,error,Et elit adipiscing laboris dolor aliquip reprehenderit sit minim dolore.,delivered,2025-12-16,2025-06-11
1757,banana,100.0,In nostrud aute adipiscing ex dolor sit ut aliqua exercitation magna do minim labore.,ordered,2025-10-18,2026-05-14
2079,banana,12.5,Dolore nostrud lorem incididunt do consectetur eiusmod labore lorem.,delivered,2025-06-29,2025-05-13
1778,apple,N/A,Quis laboris et magna aliquip aliqua ut sit ut aliqua magna ullamco.,shipped,2025-04-28,2026-02-19
1042,Mango,45.0,In ut nisi et aliqua amet aliqua magna sit aute ex do ea sit.,ordered,2025-07-18,2025-12-24
1719,ORANGE,N/A,Adipiscing sed nostrud ex laboris elit ea ad.,delivered,2025-11-27,2025-11-20
1309,Apple,8.0,Ut ut tempor dolor ad ut ut dolor consequat sit aute.,ordered,2026-01-29,2026-04-19
2188,apple,12.5,Dolor quis sed exercitation ad reprehenderit ut commodo duis voluptate sit.,packed,2025-02-10,2025-09-11
2449,Apple,5.5,Minim adipiscing dolore incididunt magna labore nostrud ea ullamco dolor amet nisi.,shipped,2025-09-16,2025-06-03
1682,orange,45.0,Ut laboris laboris consectetur ut sit quis ullamco labore consectetur.,ordered,2026-03-10,2026-01-06
1037,Mango,error,In labore ex sed voluptate adipiscing incididunt ea ad.,ordered,2025-12-11,2025-05-15
2223,mango,45.0,Elit nisi exercitation irure aliquip ipsum et ut reprehenderit.,shipped,2026-04-05,2025-08-28
2093,Banana,error,Ea irure sed nisi quis aliqua ea ea ad aliqua adipiscing sed exercitation aute.,ordered,2026-05-08,2026-01-16
2135,orange,8.0,Sit adipiscing ut minim consequat sit dolor consequat irure in.,delivered,2025-02-24,2026-02-10
2028,Mango,N/A,Voluptate dolore ipsum in duis ullamco commodo consectetur incididunt consequat nisi.,packed,2026-04-26,2026-04-05
2260,Orange,8.0,Tempor consequat veniam aliquip minim amet incididunt incididunt.,ordered,2025-09-02,2026-03-06
2308,APPLE,5.5,Amet irure nostrud lorem minim eiusmod adipiscing aliqua.,shipped,2025-09-04,2026-03-03
1383,orange,100.0,In veniam ea ad lorem aute ipsum dolore.,shipped,2025-09-17,2025-01-17
1731,orange,100.0,Aliquip ullamco ea aliquip labore ipsum veniam commodo elit.,delivered,2026-05-06,2025-07-06
2661,ORANGE,8.0,Ea ut incididunt ipsum sed ipsum in minim voluptate veniam eiusmod ex sed.,shipped,2025-02-18,2025-12-06
1559,orange,100.0,Irure aliquip irure dolore reprehenderit ad ad dolor minim commodo aliquip.,ordered,2026-03-17,2025-07-04
2117,banana,100.0,Sit laboris ut nostrud aliqua nisi et ipsum.,shipped,2026-03-22,2025-10-09
2309,Orange,8.0,Ullamco et commodo nisi in adipiscing exercitation ea ipsum dolor ea et dolore.,ordered,2025-06-07,2026-04-06
2943,Mango,100.0,Ex quis minim magna ullamco eiusmod amet aliquip ad dolore quis.,shipped,2025-09-24,2026-04-02
1439,APPLE,error,Dolor ad consectetur duis ut irure ut sit nisi duis ut labore dolor.,shipped,2025-11-04,2025-06-11
2457,ORANGE,100.0,Do voluptate commodo eiusmod ad et quis enim voluptate consectetur irure dolor.,delivered,2026-05-06,2026-02-25
2575,mango,8.0,Reprehenderit ullamco ut nisi labore aute ea ullamco elit.,packed,2026-03-20,2026-05-30
2865,Orange,8.0,Adipiscing elit ut ut labore in irure duis eiusmod ullamco veniam consectetur.,shipped,2025-04-06,2026-05-30
2312,ORANGE,45.0,Laboris ut exercitation duis quis consequat ipsum ipsum ullamco.,shipped,2025-08-04,2026-03-03
2265,Orange,5.5,Veniam ullamco incididunt eiusmod commodo magna ut nisi adipiscing magna ut labore adipiscing.,shipped,2025-12-20,2026-02-13
1267,Mango,8.0,Eiusmod consectetur ut adipiscing dolor in aute magna reprehenderit irure.,shipped,2025-11-17,2025-07-14
2562,ORANGE,5.5,Enim aute ad sit dolore ut eiusmod nostrud dolor incididunt nostrud duis.,delivered,2025-10-20,2025-01-09
2735,orange,22.99,Aute aliquip ex et magna quis sed veniam sit.,delivered,2025-10-14,2025-05-02
1263,orange,22.99,Commodo labore in ex sed ad ad ipsum consectetur labore.,delivered,2026-04-13,2025-06-02
2241,apple,45.0,In ut dolore exercitation duis nostrud ad ad ad quis.,delivered,2025-01-18,2026-01-13
1678,orange,22.99,Ut irure aute ullamco nostrud tempor laboris reprehenderit quis do dolor enim.,delivered,2025-06-01,2025-09-06
1064,APPLE,8.0,Lorem ut adipiscing nisi magna ea dolor aute aliquip.,ordered,2025-05-22,2025-08-01
2148,Mango,5.5,Dolore reprehenderit ut minim veniam nisi aute nisi commodo tempor enim reprehenderit.,shipped,2025-11-02,2025-08-19
2928,banana,error,Sed ut ut labore in commodo tempor consectetur nisi dolore voluptate consequat reprehenderit.,packed,2025-10-25,2025-02-13
1589,orange,100.0,Laboris ex do consequat tempor quis tempor amet aliquip eiusmod dolor.,packed,2025-08-27,2025-02-23
1205,mango,100.0,Enim nisi consectetur reprehenderit voluptate adipiscing laboris aute enim ullamco ex incididunt incididunt.,ordered,2025-04-02,2025-08-26
2095,Orange,45.0,Aute elit dolor voluptate magna ad in reprehenderit dolor aute lorem.,ordered,2025-12-10,2025-10-19
1930,apple,5.5,Duis enim sed amet adipiscing ut tempor sed aliquip.,shipped,2025-07-17,2025-06-29
2251,mango,22.99,Labore magna amet voluptate enim in lorem dolore ut tempor labore nostrud.,ordered,2025-09-25,2026-01-04
2418,Banana,12.5,Consectetur ut magna ad irure ut ut consectetur dolor incididunt exercitation do consectetur.,packed,2026-04-11,2026-01-18
1851,apple,5.5,Veniam laboris do eiusmod ex aute sit ut ut sit quis dolor veniam ad.,packed,2025-06-18,2025-12-02
2749,apple,5.5,Nisi ut ad irure ut dolor consectetur magna.,ordered,2026-04-19,2025-11-12
2481,Orange,22.99,Consequat ex quis ipsum labore dolor voluptate in dolor in.,ordered,2025-10-21,2026-02-23
1368,ORANGE,22.99,Voluptate dolore aute irure dolore nisi laboris veniam laboris labore.,packed,2026-02-07,2025-05-11
2490,Banana,12.5,Lorem incididunt laboris veniam minim consequat eiusmod labore tempor in aliquip amet commodo aliqua.,ordered,2025-09-04,2025-07-31
1137,orange,12.5,Nostrud ut dolor aliquip magna eiusmod do aute dolor ad incididunt.,shipped,2025-11-25,2025-08-31
1618,ORANGE,N/A,Incididunt dolor in aute dolor exercitation aliqua ad reprehenderit in laboris.,shipped,2026-03-03,2026-02-23
1305,banana,22.99,Ex enim duis incididunt ut commodo dolor quis reprehenderit.,packed,2026-02-02,2025-09-06
1522,Banana,100.0,Sit ut et veniam consequat dolor dolore exercitation ipsum sit commodo nostrud laboris.,packed,2026-05-06,2025-08-02
2780,Mango,error,Do sed aliquip ex ex dolor nisi ut.,delivered,2025-09-03,2025-11-26
2588,banana,22.99,Minim et tempor minim ad amet voluptate enim duis dolor et.,delivered,2025-02-16,2025-08-15
2518,ORANGE,12.5,Veniam nostrud ut incididunt sed do quis eiusmod veniam in.,shipped,2025-09-21,2026-05-16
2979,Apple,5.5,Aliquip et adipiscing veniam elit irure voluptate reprehenderit minim.,ordered,2025-02-19,2025-01-07
1844,ORANGE,N/A,Ut lorem ad dolore exercitation laboris exercitation enim.,delivered,2025-01-17,2025-01-07
2089,apple,22.99,Lorem aliquip veniam incididunt ad ut aliqua in.,packed,2025-04-20,2025-04-09
2073,ORANGE,N/A,Exercitation eiusmod et commodo sit reprehenderit ut eiusmod nisi.,shipped,2025-03-24,2025-02-02
1191,mango,22.99,Veniam dolor lorem elit ad aliqua ea quis duis amet minim.,ordered,2025-08-24,2025-08-05
2845,APPLE,5.5,Dolor sit dolor irure quis ipsum dolor ut reprehenderit nostrud.,delivered,2025-03-20,2025-11-03
1332,APPLE,N/A,Consequat dolore irure labore ex adipiscing voluptate aliquip ad reprehenderit dolor aliqua.,ordered,2025-12-15,2026-02-11
2984,Mango,12.5,Tempor voluptate ad et in aliqua nisi laboris sit exercitation commodo ut sit.,packed,2026-01-25,2025-06-07
2514,mango,100.0,Amet lorem ut et tempor consectetur sed ut veniam magna.,ordered,2025-04-02,2025-12-29
2135,orange,100.0,Dolore incididunt dolore sit irure irure voluptate quis elit dolore consectetur incididunt ad dolor.,delivered,2025-10-10,2026-03-08
1613,Apple,8.0,Eiusmod eiusmod exercitation nostrud sed amet ut in labore exercitation.,shipped,2026-03-27,2025-12-09
1881,APPLE,45.0,Ut in sed ut reprehenderit reprehenderit incididunt nisi ad quis.,packed,2025-11-30,2026-01-21
1574,mango,100.0,In sed voluptate elit ea ipsum aliquip in.,packed,2026-03-25,2025-10-26
2702,orange,22.99,Ad ullamco eiusmod laboris ut ea sit voluptate enim magna ad dolor nisi.,ordered,2026-01-04,2025-03-29
1223,Banana,100.0,Ullamco ipsum voluptate nisi magna ex reprehenderit aliqua lorem.,shipped,2025-08-16,2025-08-15
1912,Mango,22.99,Ea nostrud ad labore ipsum amet magna reprehenderit amet in adipiscing.,shipped,2025-12-18,2026-04-12
2606,Banana,5.5,Enim aliqua nisi ut incididunt commodo amet duis ullamco nisi.,packed,2025-09-07,2025-06-28
2130,ORANGE,100.0,Aliqua ut commodo ullamco sed laboris magna aliquip aute ut aliqua lorem.,packed,2025-07-30,2025-10-13
2540,orange,8.0,Aute sed labore ut tempor aute minim ullamco nostrud exercitation nostrud labore duis exercitation.,shipped,2025-03-28,2025-05-18
1641,orange,N/A,Consectetur dolore adipiscing dolore nostrud quis aliqua enim veniam dolor.,packed,2025-06-20,2026-05-17
1591,ORANGE,45.0,Duis exercitation aute in enim sed dolore quis laboris magna.,delivered,2026-03-02,2026-03-31
2000,ORANGE,8.0,Ipsum ex incididunt tempor veniam elit ut aliquip ex veniam amet amet.,shipped,2025-02-12,2026-03-28
2118,Banana,22.99,Aliquip laboris eiusmod aute ipsum tempor aute sit.,ordered,2025-08-31,2025-08-03
2660,APPLE,100.0,Ut ullamco elit consectetur sed sed dolor et incididunt veniam ut ut incididunt tempor.,ordered,2025-05-19,2026-02-26
2881,Orange,error,Laboris ut consectetur adipiscing ut eiusmod duis dolore adipiscing ullamco exercitation dolore sit commodo.,ordered,2026-02-17,2025-10-12
2422,Mango,5.5,Labore lorem ea aliquip aliquip ut laboris et dolor minim do.,delivered,2025-08-05,2026-05-22
1549,Mango,error,Veniam consectetur duis ea irure ex ipsum exercitation consequat lorem.,packed,2026-03-28,2026-04-13
1001,mango,N/A,Dolor aute incididunt aute aute amet et sit laboris ullamco dolor exercitation aliquip.,packed,2026-03-16,2025-04-04
2441,orange,12.5,Enim consectetur do nisi lorem nisi consequat voluptate aliqua.,packed,2026-05-05,2025-03-14
1468,mango,8.0,Commodo amet et incididunt dolore commodo aute ullamco nisi dolor quis exercitation elit.,shipped,2025-08-07,2025-06-05
2883,mango,5.5,Do irure adipiscing consectetur aliquip et aliqua commodo eiusmod ullamco eiusmod nostrud aliquip incididunt.,ordered,2025-11-05,2025-07-30
2060,APPLE,N/A,Dolore ullamco ea commodo eiusmod dolore eiusmod ullamco sit irure lorem et ut.,delivered,2026-03-07,2026-01-10
2118,ORANGE,5.5,Sit nostrud lorem do dolor in magna incididunt ut ex aliqua magna ullamco veniam.,packed,2025-10-12,2025-03-27
1634,orange,N/A,Adipiscing labore nostrud ex ullamco ullamco ut aliqua in eiusmod eiusmod dolor amet exercitation.,ordered,2025-11-13,2025-06-29
1244,Orange,45.0,Lorem ad labore minim consequat tempor et ex aute aliquip consectetur irure labore.,delivered,2025-10-06,2025-03-07
1538,APPLE,8.0,Ut et ad quis et eiusmod amet quis aliquip do ad.,ordered,2025-01-13,2025-09-08
1094,Apple,100.0,Dolor elit reprehenderit ipsum commodo ut laboris do eiusmod dolor ut.,ordered,2026-01-17,2025-05-03
2028,Orange,45.0,Commodo voluptate reprehenderit dolor ut incididunt duis labore veniam.,ordered,2026-01-13,2025-07-25
1597,APPLE,error,Exercitation ut nostrud ad ea sed irure ex eiusmod lorem magna eiusmod labore.,ordered,2025-12-10,2025-01-02
2554,mango,error,Sed voluptate aliqua reprehenderit reprehenderit adipiscing incididunt ipsum.,packed,2026-02-27,2026-01-17
1938,orange,8.0,Consectetur consequat sit quis aliqua reprehenderit eiusmod tempor ut commodo ut aliquip.,shipped,2026-04-09,2025-10-06
1478,orange,N/A,Ea nostrud adipiscing elit enim magna veniam reprehenderit sed.,shipped,2026-04-20,2025-09-29
2745,orange,8.0,Commodo ut ut nostrud do duis adipiscing ut reprehenderit.,delivered,2025-02-20,2025-11-03
1532,ORANGE,12.5,Duis veniam veniam amet amet commodo consectetur dolor ea do sed.,delivered,2026-01-17,2025-03-28
2192,APPLE,error,Sit voluptate sed ullamco commodo sit duis commodo consectetur in dolor dolor aliqua aliquip.,delivered,2025-01-31,2026-01-27
2399,mango,45.0,Do sed incididunt aute ipsum exercitation eiusmod incididunt magna veniam.,ordered,2025-03-31,2025-10-14
1784,ORANGE,22.99,Ullamco commodo eiusmod voluptate veniam lorem dolore ut enim.,delivered,2025-12-19,2026-05-30
1658,mango,error,Ipsum nostrud ipsum commodo incididunt commodo enim et nostrud.,packed,2025-06-13,2025-04-13
1507,Banana,error,Consequat dolor dolor voluptate do duis commodo et duis duis elit nostrud.,shipped,2025-01-29,2025-12-27
2940,APPLE,45.0,In consequat commodo reprehenderit veniam elit ipsum dolor nostrud lorem enim labore.,packed,2025-05-14,2025-12-15
2468,ORANGE,100.0,Lorem nostrud dolor ea duis aute reprehenderit dolore.,delivered,2025-04-14,2025-12-11
1618,Mango,45.0,Aliquip aliqua ullamco enim ut ut quis irure exercitation.,shipped,2025-08-17,2025-06-29
1774,banana,error,Elit lorem ut quis duis ea quis elit ut.,packed,2025-04-17,2026-05-24
1288,Mango,8.0,Labore ut ullamco reprehenderit consequat laboris aliquip labore lorem.,packed,2025-09-13,2025-03-11
1717,banana,8.0,Lorem dolore aliquip reprehenderit irure ad dolore veniam amet enim aute ullamco nisi.,packed,2026-04-08,2025-03-17
2636,Orange,error,Ut in sit elit dolore aliquip veniam irure.,ordered,2025-12-13,2026-05-10
2442,Orange,22.99,Elit irure adipiscing amet sed sed nisi aliquip aliquip tempor incididunt eiusmod dolor.,delivered,2025-06-07,2025-02-25
1738,Orange,22.99,Incididunt laboris nostrud sed ipsum elit incididunt sit.,ordered,2025-11-12,2026-02-12
1964,Apple,error,Ullamco dolore et dolore sed ipsum aliqua tempor.,shipped,2025-03-05,2025-06-04
2540,orange,8.0,Labore veniam reprehenderit nostrud veniam duis consequat aliqua veniam aute enim aute enim.,ordered,2026-02-09,2025-02-05
2028,APPLE,45.0,In ut in elit do sed ipsum sit.,delivered,2025-07-26,2025-06-01
2708,APPLE,error,Dolor dolor dolor dolore magna labore tempor ut aute ea.,delivered,2025-04-26,2026-03-01
1306,ORANGE,8.0,Quis amet incididunt veniam labore magna dolore enim.,delivered,2025-02-08,2025-06-26
1564,mango,45.0,Exercitation nisi ipsum irure labore eiusmod ex dolor irure lorem consequat ut.,shipped,2026-05-19,2025-04-11
2991,Banana,45.0,Reprehenderit ut consequat tempor magna ullamco sed do consequat aliquip.,shipped,2025-02-27,2025-06-12
1134,banana,22.99,Ea minim quis elit aute sed dolor ipsum dolor.,shipped,2025-07-23,2025-10-08
1754,Apple,22.99,Dolor nisi eiusmod ad ut reprehenderit enim veniam labore duis tempor consequat sit.,ordered,2026-01-31,2025-02-20
1333,APPLE,N/A,Do do sed laboris minim aute reprehenderit nisi enim consectetur elit commodo do exercitation.,shipped,2025-10-09,2026-03-10
2833,mango,100.0,Eiusmod enim nisi consequat magna amet ad laboris duis dolore ullamco.,shipped,2025-11-02,2025-04-21
1986,orange,100.0,Ullamco aute tempor ut irure incididunt adipiscing ex irure commodo.,delivered,2025-11-24,2025-05-24
2477,Orange,5.5,Tempor magna dolore ipsum ut quis sed aliquip do minim.,delivered,2026-01-03,2025-11-04
2731,ORANGE,45.0,Amet consectetur tempor commodo ex elit nisi labore sit et.,shipped,2026-03-07,2025-12-06
1761,banana,error,Duis enim aute nostrud in sit irure ad aute dolore incididunt.,ordered,2025-06-04,2025-05-21
1410,Mango,22.99,Irure voluptate adipiscing aute elit sit labore voluptate ut dolor ut do.,packed,2025-06-12,2026-05-17
2608,orange,45.0,Aliqua aliqua aliqua enim lorem minim aliquip in irure ex minim lorem.,ordered,2025-09-12,2025-08-20
2420,Mango,error,Amet ad ut dolor ipsum in ut minim minim.,delivered,2025-05-18,2025-12-17
2846,Apple,100.0,Sed in dolor magna do aliquip consectetur aliquip nostrud elit et ullamco ipsum aute.,shipped,2025-02-19,2025-02-19
2355,orange,12.5,Nisi magna dolore veniam enim adipiscing nisi ullamco.,shipped,2026-03-07,2025-04-14
2356,apple,error,Exercitation consectetur consequat amet ut consectetur amet amet sed sed tempor minim.,packed,2026-01-02,2026-02-24
1604,ORANGE,12.5,Ad sed in labore lorem laboris irure consequat laboris adipiscing sit minim.,ordered,2025-09-20,2025-08-25
1935,banana,error,Dolor commodo aute duis et nisi aliqua amet duis irure lorem.,packed,2025-06-24,2025-12-03
1732,Apple,error,Sit consequat elit magna reprehenderit tempor dolore duis commodo ullamco commodo amet nisi.,ordered,2025-06-13,2025-04-17
1852,APPLE,5.5,Quis aliqua exercitation ea exercitation aute aute aliquip irure enim enim irure aliqua dolor.,shipped,2025-01-13,2025-08-18
2957,Mango,8.0,Laboris eiusmod labore nisi dolore duis quis voluptate dolor ullamco adipiscing.,delivered,2026-05-23,2025-06-19
1153,Apple,100.0,Labore tempor ad veniam dolore consequat sit ut quis.,ordered,2026-05-26,2026-04-03
1647,orange,5.5,Laboris amet magna veniam lorem sit nostrud exercitation ut ad sed laboris in.,shipped,2025-02-25,2025-08-17
2729,Apple,100.0,Ex nostrud ut et ut amet laboris lorem et ullamco commodo veniam.,shipped,2025-04-19,2025-02-16
2836,ORANGE,5.5,Consequat aliquip magna eiusmod sed consectetur duis do consequat.,packed,2025-12-13,2025-04-21
2550,mango,12.5,Duis nostrud ea ut laboris reprehenderit consectetur ad minim dolor in duis enim.,packed,2025-06-27,2025-05-12
1212,mango,100.0,Aute aliqua exercitation nisi eiusmod magna labore incididunt commodo consectetur nostrud irure.,shipped,2025-11-18,2025-08-11
1411,Banana,error,Labore laboris voluptate ullamco reprehenderit ad nisi ut amet et enim quis laboris.,delivered,2025-10-20,2026-03-09
2655,Orange,8.0,Dolore dolor dolor tempor ea voluptate nisi adipiscing.,ordered,2025-10-30,2025-07-28
2543,apple,12.5,Consequat amet aute aliquip aute aliquip quis eiusmod ea commodo.,shipped,2025-02-18,2026-01-26
1793,mango,100.0,Dolor aliquip sed aute duis ut do ullamco ut et nostrud aliquip.,packed,2025-07-18,2025-10-29
1919,ORANGE,8.0,Reprehenderit aliquip consectetur ipsum incididunt tempor adipiscing duis lorem.,delivered,2025-06-08,2025-02-10
1314,Mango,12.5,In exercitation laboris ad quis et ea ut do elit dolor ad magna veniam.,ordered,2025-12-24,2025-08-15
2809,Banana,100.0,Et do ex minim voluptate consequat voluptate lorem laboris ut.,packed,2025-02-10,2025-11-25
1781,orange,22.99,Veniam incididunt dolor consequat dolore commodo ut ipsum irure sed.,ordered,2025-04-09,2025-06-21
2989,apple,12.5,Dolor laboris ea aute aliqua amet veniam ut reprehenderit ea ullamco in ex.,packed,2025-01-25,2026-04-16
2468,Mango,12.5,Sit elit eiusmod sit consequat dolor magna ut.,delivered,2026-03-20,2025-11-20
1034,mango,8.0,Lorem ut dolor ex ipsum duis et ad incididunt nisi exercitation incididunt.,delivered,2026-01-26,2026-02-09
2683,Orange,5.5,Minim consectetur dolore commodo veniam reprehenderit adipiscing nisi dolor.,shipped,2025-01-12,2025-05-25
1252,Orange,12.5,Nostrud veniam in ut ex irure labore magna ullamco minim adipiscing do.,shipped,2025-07-18,2025-04-28
1371,APPLE,12.5,Ex voluptate veniam ullamco sit laboris eiusmod sed quis in et laboris eiusmod incididunt.,ordered,2025-07-18,2025-11-22
1995,Apple,100.0,Laboris nisi adipiscing quis commodo reprehenderit elit ut ea ut ullamco tempor.,shipped,2025-05-18,2025-12-06
2797,Apple,5.5,Et ut veniam elit exercitation duis duis adipiscing veniam tempor irure.,ordered,2025-03-19,2025-01-20
2739,apple,12.5,Nostrud magna nostrud irure veniam veniam voluptate enim ea et do ea aliquip incididunt.,delivered,2026-05-29,2025-04-03
1812,Mango,12.5,Eiusmod reprehenderit voluptate nisi ex adipiscing adipiscing quis quis aute adipiscing aliquip in.,ordered,2025-08-13,2026-05-15
1474,orange,error,Eiusmod laboris minim commodo dolore dolor aute ipsum ullamco amet.,shipped,2025-09-27,2025-06-28
1771,mango,100.0,Laboris consequat minim dolore dolor minim et aute enim enim nostrud ad.,packed,2026-03-27,2025-06-19
1471,orange,error,Adipiscing adipiscing nostrud consequat laboris magna labore amet nisi.,delivered,2025-08-04,2025-06-15
2325,mango,12.5,Ipsum quis adipiscing ullamco ipsum quis dolor tempor elit.,delivered,2025-01-20,2025-10-18
2939,orange,N/A,Exercitation enim enim do magna adipiscing nostrud ea exercitation ad elit.,shipped,2026-04-10,2025-03-12
1470,mango,22.99,Amet sed duis ad aliqua adipiscing amet enim exercitation.,ordered,2026-05-31,2025-05-01
1190,Apple,45.0,Veniam lorem in nisi aliqua aliqua aute nisi aliqua in enim ea.,shipped,2025-04-11,2026-03-12
1274,banana,5.5,Do duis incididunt aute magna sed ut ea quis consectetur lorem laboris nisi ut.,shipped,2025-04-20,2025-06-08
1872,APPLE,error,Duis aliqua et tempor nisi ex magna ea enim et.,delivered,2025-09-17,2025-11-11
2183,Mango,22.99,Consectetur aute consectetur do ea in amet ad ea commodo exercitation nisi dolor.,delivered,2025-01-06,2025-04-04
2686,ORANGE,5.5,Aliqua dolor do sit ipsum dolore voluptate exercitation minim ut nostrud in.,packed,2026-05-22,2026-03-26
1021,Banana,error,Ipsum nostrud minim do elit ipsum eiusmod lorem adipiscing.,shipped,2026-02-14,2025-12-28
2371,mango,22.99,Sed lorem ut dolor veniam aliquip quis nostrud labore consequat do reprehenderit.,delivered,2026-02-18,2025-01-05
1534,ORANGE,22.99,Amet sit incididunt in commodo reprehenderit aute commodo quis nisi reprehenderit quis.,packed,2025-12-14,2026-04-15
2395,Apple,12.5,Amet dolor ullamco voluptate nisi do ut reprehenderit minim lorem consequat.,packed,2025-10-22,2025-04-06
1817,Mango,8.0,In enim et irure tempor in nisi dolor ad sed aliquip aute.,packed,2025-08-23,2025-07-27
2709,Banana,100.0,Ea consectetur sit reprehenderit ad lorem duis reprehenderit duis.,shipped,2025-11-19,2026-05-20
2839,APPLE,error,Elit ex ad magna ex consectetur minim aliqua in ipsum labore.,packed,2026-04-14,2025-05-04
2430,apple,5.5,Nisi lorem do quis ut exercitation tempor veniam eiusmod enim.,shipped,2026-01-10,2025-07-08
2021,mango,N/A,Ut dolore duis incididunt elit consectetur quis do amet tempor eiusmod.,delivered,2026-01-26,2025-07-20
1298,ORANGE,5.5,Lorem aliqua consectetur irure ullamco minim ut enim eiusmod duis dolor amet elit do.,shipped,2026-05-03,2025-04-09
1921,Mango,error,Et veniam commodo labore magna et nisi exercitation quis ullamco.,packed,2025-10-19,2025-12-30
1665,apple,5.5,Aliquip irure dolore incididunt ullamco adipiscing elit commodo labore ullamco quis duis sit adipiscing.,packed,2025-11-18,2025-11-21
2337,banana,error,Ullamco tempor ut aute et nostrud reprehenderit magna elit lorem aliquip laboris.,ordered,2025-08-04,2025-06-20
1813,orange,8.0,In enim dolor ea minim voluptate amet exercitation.,ordered,2026-02-04,2025-11-13
1469,Banana,error,Exercitation consectetur duis ipsum laboris duis ut enim reprehenderit veniam tempor.,delivered,2025-05-19,2025-07-01
2210,APPLE,5.5,Ex aute aliqua ullamco minim dolor enim do sit ut magna adipiscing lorem.,packed,2025-12-19,2025-10-21
1960,apple,12.5,Dolor in enim lorem aliqua incididunt do lorem dolore magna quis dolore elit.,delivered,2026-01-23,2025-08-14
1538,orange,22.99,Eiusmod ex dolor commodo nisi incididunt aliquip commodo magna duis elit incididunt ullamco.,delivered,2025-10-06,2026-05-19
1384,Mango,12.5,Dolor veniam elit amet tempor ut aliquip eiusmod adipiscing.,delivered,2025-08-11,2025-12-17
1860,banana,5.5,Ut commodo labore duis in dolor ea sit enim sed.,shipped,2026-01-26,2025-01-13
1249,Banana,22.99,Reprehenderit eiusmod voluptate sed aliquip amet laboris sed dolore reprehenderit in adipiscing aliquip ex.,ordered,2025-09-17,2026-05-08
2307,banana,N/A,Irure aute do amet ullamco ut elit tempor consectetur ea.,ordered,2025-02-13,2026-05-02
2409,APPLE,45.0,Ea eiusmod ad nisi labore reprehenderit ex dolor et adipiscing.,ordered,2025-05-09,2026-05-15
1476,Mango,100.0,Irure aliquip lorem dolore aliquip eiusmod ipsum ut quis veniam ad quis veniam ut.,delivered,2025-10-09,2025-06-14
1141,apple,45.0,Incididunt tempor et lorem ullamco dolore elit lorem duis ea eiusmod.,ordered,2026-02-01,2025-07-14
2073,Apple,45.0,Incididunt magna ut amet laboris ipsum in elit ipsum amet sed ipsum.,delivered,2026-05-17,2025-09-20
1100,Mango,N/A,Ut lorem dolor laboris dolor consequat enim ullamco et aliquip irure consequat.,ordered,2025-09-30,2025-02-11
2503,orange,error,In reprehenderit amet aliquip minim sed minim eiusmod.,packed,2026-03-02,2025-04-19
2569,APPLE,100.0,Ut laboris aute elit elit magna labore adipiscing voluptate ut et ut voluptate.,shipped,2026-01-16,2026-02-27
2565,mango,100.0,Eiusmod veniam dolore veniam ex et ut reprehenderit lorem ipsum incididunt lorem.,packed,2025-11-06,2025-01-07
1615,Banana,N/A,Ut ea in consequat dolor ad quis quis amet ut adipiscing tempor irure eiusmod.,shipped,2025-11-04,2025-04-05
2168,mango,N/A,Sit ut enim enim irure ut consequat amet ullamco ipsum commodo dolore ea.,shipped,2025-12-23,2026-03-21
1853,orange,N/A,Laboris nostrud lorem ea dolore ut ipsum veniam adipiscing ad do dolor aliquip.,delivered,2026-04-02,2026-06-01
1184,Banana,22.99,Ea adipiscing labore enim ex veniam tempor magna aliqua ut.,packed,2026-05-08,2025-07-22
1999,mango,N/A,Exercitation aliquip eiusmod sit ea ut dolor sit laboris aliqua labore ut.,ordered,2025-11-09,2025-06-23
1716,APPLE,5.5,Adipiscing ipsum consequat sed dolore ex duis amet dolor in dolor aute.,shipped,2025-01-15,2025-12-18
2420,orange,error,Enim labore aliquip do veniam ex veniam exercitation voluptate nisi laboris.,delivered,2025-02-14,2025-09-19
1348,Orange,error,Ea exercitation dolor laboris lorem dolore tempor duis laboris.,ordered,2025-01-20,2025-10-27
2776,mango,N/A,Ad ut irure enim nostrud sit sed reprehenderit quis ut ipsum.,shipped,2025-12-08,2026-05-17
1805,ORANGE,12.5,Nisi et ut voluptate voluptate tempor dolor tempor dolore voluptate.,ordered,2025-10-14,2025-08-19
1310,Mango,22.99,Consectetur aliquip minim nisi aute nisi magna quis aliqua ut exercitation ut consectetur.,packed,2025-07-27,2025-05-22
1632,apple,45.0,Voluptate reprehenderit adipiscing in dolor ut veniam in consectetur ut aute.,ordered,2025-11-23,2026-02-28
2968,mango,error,Ex consequat ullamco aliquip adipiscing sed consectetur ipsum voluptate exercitation exercitation.,packed,2025-08-26,2025-08-25
2407,Orange,100.0,Nisi enim ad exercitation ut dolore duis ad.,packed,2025-06-17,2025-07-17
1463,Orange,22.99,Reprehenderit dolor in do laboris sed sed elit reprehenderit aliqua exercitation nisi aute irure.,delivered,2026-02-19,2025-02-12
2245,mango,100.0,Exercitation aliquip nostrud minim aute ea minim ut consequat ipsum voluptate.,delivered,2025-02-10,2026-02-01
2057,Orange,N/A,Aliqua irure ea incididunt elit incididunt dolor nisi irure ut.,delivered,2025-04-03,2026-05-28
1231,ORANGE,45.0,Magna ut elit nostrud ut sed ut eiusmod nisi dolor commodo.,ordered,2025-04-04,2025-04-27
2446,Apple,100.0,Minim dolore commodo minim in dolore dolore ea.,shipped,2025-06-03,2025-06-16
2779,ORANGE,45.0,Ut aliqua ut ea ut exercitation consectetur consectetur sed exercitation eiusmod ut duis veniam.,ordered,2026-05-21,2025-09-01
1444,APPLE,5.5,Magna sit nostrud eiusmod veniam exercitation veniam consequat dolor adipiscing laboris.,ordered,2025-05-29,2025-02-03
2366,APPLE,error,Dolor dolor magna elit laboris exercitation nisi nostrud ea elit.,delivered,2026-01-04,2025-02-06
1190,banana,100.0,Irure consequat ex duis dolor enim consectetur duis labore magna.,packed,2025-08-03,2025-03-01
1223,APPLE,8.0,Aliquip exercitation ea ut aliqua duis tempor quis exercitation dolor exercitation.,delivered,2026-05-25,2026-05-20
2654,ORANGE,N/A,Incididunt sed consectetur ut commodo aliquip sed exercitation magna ipsum et commodo do.,packed,2025-10-16,2025-09-18
2618,orange,error,Ad ut lorem nisi labore aliquip exercitation ipsum elit labore.,shipped,2026-05-06,2026-05-01
2632,Orange,45.0,Adipiscing ut aute irure ut consequat dolor dolor minim quis nisi.,ordered,2025-08-02,2025-12-06
2637,Mango,8.0,Incididunt ipsum voluptate exercitation duis quis dolore nostrud aute.,shipped,2025-11-19,2025-02-02
1556,mango,8.0,Aute et consequat ut minim elit dolore ipsum sed sit ad.,delivered,2026-05-28,2025-06-07
1389,Mango,5.5,Aute ut labore ea amet voluptate minim voluptate sed ipsum dolore aute amet.,shipped,2025-02-15,2025-03-31
1682,Apple,12.5,Minim laboris ut quis ut irure ut sed.,shipped,2025-11-23,2026-03-28
2374,orange,error,Adipiscing amet reprehenderit quis amet veniam veniam tempor in.,shipped,2025-09-08,2025-06-25
1145,banana,100.0,Ut consectetur enim nisi amet dolor aliqua elit nostrud nostrud consequat ut.,shipped,2025-11-16,2025-12-07
2674,Banana,8.0,Ex quis sit commodo ut amet ut ullamco ex enim in adipiscing irure tempor.,shipped,2026-02-06,2025-07-07
2432,Mango,100.0,Enim dolor amet enim duis incididunt labore quis ad magna ut.,ordered,2025-11-30,2025-03-14
2622,banana,5.5,Nostrud eiusmod eiusmod adipiscing enim dolor sed nisi aliqua voluptate quis.,shipped,2025-08-30,2025-06-27
2357,orange,5.5,Nostrud ut veniam consequat elit reprehenderit dolor amet.,delivered,2025-12-02,2026-05-22
2320,Orange,8.0,Consequat irure irure ullamco lorem adipiscing adipiscing minim dolore.,delivered,2025-07-20,2025-07-30
2395,Mango,error,Commodo nisi dolor in ut dolor voluptate nostrud exercitation ad duis duis.,ordered,2026-01-14,2025-02-24
1001,apple,100.0,Aute aute eiusmod ut dolore ut dolore dolore.,packed,2025-06-27,2026-05-02
1284,Banana,22.99,Dolor duis adipiscing voluptate laboris consectetur sit lorem aliquip enim aliqua voluptate sit ullamco.,delivered,2026-04-12,2026-03-12
2276,ORANGE,5.5,Aliqua consequat dolore do aliqua lorem ad aliquip ut tempor dolor quis.,ordered,2025-02-08,2026-05-10
2443,Mango,8.0,Enim nisi adipiscing aliquip voluptate voluptate ea ut sit irure sit enim.,ordered,2025-11-16,2025-02-24
2850,Mango,12.5,Ut irure quis labore et voluptate incididunt elit nisi nostrud ut.,shipped,2025-03-04,2026-04-30
2184,ORANGE,12.5,Voluptate commodo exercitation incididunt sit ad duis tempor consectetur incididunt duis lorem amet.,packed,2025-06-04,2026-04-03
1757,ORANGE,error,Ut enim commodo aute labore sit adipiscing in adipiscing ad voluptate ea eiusmod aliqua.,packed,2025-08-04,2025-12-20
1111,banana,8.0,Elit magna incididunt ex ex minim dolore ut.,delivered,2025-09-26,2025-05-29
2086,mango,12.5,Dolor ut nisi reprehenderit nisi ipsum dolor ullamco reprehenderit aliqua.,shipped,2025-12-10,2025-10-04
1546,orange,error,Nostrud ut nisi eiusmod laboris ea minim nisi voluptate ut lorem lorem dolor.,delivered,2025-04-11,2025-04-17
2403,Apple,100.0,Aliquip eiusmod ipsum exercitation dolor nostrud irure do nostrud.,ordered,2025-05-03,2025-03-30
2753,APPLE,45.0,Laboris irure quis reprehenderit irure nisi eiusmod enim in ullamco dolor.,shipped,2026-03-14,2025-11-28
1527,ORANGE,8.0,Ea dolore labore dolor reprehenderit tempor aliqua ad dolor exercitation.,packed,2026-05-19,2025-04-22
1294,apple,22.99,Exercitation amet aliqua tempor ipsum sit aliquip ea lorem.,delivered,2025-06-02,2025-01-01
2910,Orange,22.99,Adipiscing labore dolore lorem ut ea enim magna aliquip commodo.,ordered,2025-08-20,2025-01-04
1787,Apple,8.0,Veniam voluptate labore ut dolor voluptate ullamco et duis labore duis ex.,shipped,2025-07-27,2025-06-30
2135,Orange,22.99,Sed nisi irure ullamco et sit ullamco aliquip adipiscing sed ut nostrud ad.,ordered,2025-11-12,2026-05-27
2093,Apple,12.5,Labore labore aliquip magna do laboris minim in.,packed,2025-08-27,2025-03-15
1075,ORANGE,5.5,Lorem dolor exercitation eiusmod ullamco lorem ullamco irure consequat amet exercitation consequat dolor.,ordered,2025-04-27,2026-05-25
2218,APPLE,N/A,Commodo aliqua commodo voluptate nisi ut reprehenderit quis.,packed,2025-11-26,2025-08-07
2565,Orange,45.0,Dolor tempor ex elit et elit eiusmod nostrud consectetur commodo.,delivered,2025-06-11,2025-01-17
2801,Apple,8.0,Lorem dolor ut nostrud incididunt nisi commodo enim.,packed,2025-07-31,2025-05-27
2310,banana,5.5,Eiusmod elit nisi nostrud ut exercitation sit consequat incididunt aliqua veniam.,packed,2025-05-01,2025-04-08
2267,Mango,N/A,Ea laboris tempor sed commodo nisi reprehenderit enim elit laboris ipsum.,shipped,2025-10-19,2025-08-03
1890,banana,100.0,Commodo ex ipsum aliquip dolor elit ea enim amet irure aliquip nostrud.,shipped,2026-03-06,2025-07-23
2530,Mango,N/A,Amet do eiusmod magna sed irure sit nostrud dolor aliqua do exercitation elit dolore.,delivered,2025-07-18,2026-01-03
2997,banana,N/A,Consectetur nisi dolor consectetur duis ut elit labore irure nostrud.,packed,2025-08-24,2025-03-30
1843,apple,5.5,Voluptate nostrud consequat incididunt aliquip aliquip eiusmod labore quis irure nostrud adipiscing quis lorem.,ordered,2025-02-11,2026-04-27
2502,apple,12.5,Minim enim commodo consequat ut eiusmod quis lorem aliquip in consectetur.,shipped,2025-09-02,2025-04-03
1032,Apple,error,Ut duis ex ipsum ut ea aute magna ea.,shipped,2026-04-21,2025-01-02
2762,orange,22.99,Labore ipsum aliqua tempor in veniam commodo ea sit aute aliquip dolor in.,shipped,2025-02-22,2025-04-24
1784,Mango,5.5,Ipsum et ullamco ut quis ea consectetur labore veniam ullamco aliquip ex.,packed,2025-08-19,2025-11-25
1722,banana,22.99,Dolor dolore ut ad consequat enim minim consequat irure ut.,shipped,2025-03-09,2025-07-12
2826,Apple,8.0,Dolore elit reprehenderit sit elit amet adipiscing adipiscing.,packed,2025-01-24,2025-10-28
1853,apple,45.0,Labore ut ullamco incididunt dolor aute do in ullamco magna labore.,shipped,2026-05-13,2026-04-01
1937,banana,45.0,Ut ea do et incididunt duis adipiscing incididunt reprehenderit exercitation adipiscing veniam elit elit.,packed,2025-06-15,2025-09-01
1239,Orange,100.0,Consectetur tempor elit quis ipsum ut labore dolore veniam adipiscing incididunt dolor.,delivered,2026-05-27,2025-05-29
2941,Apple,100.0,Lorem aliquip reprehenderit labore ut enim incididunt in voluptate.,packed,2026-03-29,2025-12-13
2411,orange,5.5,Consectetur veniam ut magna duis ut sit dolor.,packed,2025-08-16,2025-10-12
1400,Orange,8.0,Duis nisi reprehenderit reprehenderit dolore ad nostrud ad dolor laboris magna ut.,delivered,2026-01-14,2026-01-31
1763,Orange,error,Et voluptate aute sit aliquip ut voluptate commodo incididunt commodo.,delivered,2026-03-01,2025-05-23
2711,APPLE,8.0,Sed enim aute voluptate dolor reprehenderit ex sit magna.,shipped,2026-03-01,2025-06-29
2138,Apple,45.0,Elit dolore veniam ipsum consequat consequat ut quis ut.,ordered,2025-01-03,2025-06-07
1537,banana,5.5,Laboris irure magna ad nisi eiusmod consectetur tempor.,ordered,2026-01-06,2026-05-08
2158,mango,error,Nisi reprehenderit consequat dolore aliquip lorem tempor nostrud adipiscing ut nisi et dolor.,shipped,2026-03-06,2025-12-31
1099,banana,error,Ullamco sit sed ullamco ex nostrud elit ut ut duis commodo tempor.,shipped,2025-04-09,2025-12-27
2686,ORANGE,12.5,Minim dolore enim labore dolor amet adipiscing do sed.,ordered,2026-03-04,2026-04-17
2876,orange,8.0,Consectetur lorem labore nisi consectetur ut voluptate minim reprehenderit elit ut ex consectetur consectetur.,packed,2025-08-21,2025-11-11
1256,Banana,45.0,Aliqua ex amet lorem enim aliqua sed ipsum.,ordered,2026-04-26,2025-05-02
2860,banana,12.5,Incididunt lorem amet consectetur nostrud nostrud sed laboris.,ordered,2025-04-03,2025-05-30
2732,banana,100.0,Adipiscing ad aliquip eiusmod quis amet quis lorem do sed.,shipped,2025-06-25,2025-01-05
2993,orange,N/A,Duis enim ut elit laboris amet consequat voluptate aliqua minim magna ex.,shipped,2025-05-07,2026-04-23
1225,apple,45.0,Ex ut veniam ipsum labore amet incididunt nostrud ut reprehenderit ut.,delivered,2025-10-25,2026-03-15
1386,orange,5.5,Et lorem laboris laboris magna minim nisi consectetur dolore nisi voluptate aliquip irure.,packed,2025-03-08,2026-01-08
2997,Banana,100.0,Nostrud voluptate consectetur duis aliquip tempor ut nostrud tempor.,delivered,2025-12-31,2026-05-03
2365,APPLE,22.99,Ad adipiscing ut consectetur ad do in ipsum aliquip consequat ad.,ordered,2025-07-03,2026-01-27
2238,Mango,45.0,Exercitation amet sit ex ea commodo sed laboris ad tempor.,shipped,2025-01-19,2025-02-02
1881,orange,22.99,Ut dolore ut ipsum veniam duis ut ut ad consectetur ut.,delivered,2025-04-23,2026-05-18
2351,apple,5.5,Quis adipiscing dolor tempor nostrud dolore nisi ex incididunt dolor nostrud.,packed,2026-01-11,2025-12-24
2657,APPLE,12.5,Irure labore amet labore et et laboris eiusmod ullamco nostrud dolor dolor ut labore.,ordered,2025-11-30,2025-02-08
1943,mango,22.99,Lorem enim lorem ut quis ut amet enim nisi sed.,delivered,2026-05-30,2025-12-14
1341,APPLE,error,Reprehenderit sed ullamco reprehenderit sit duis do tempor incididunt quis.,packed,2025-04-05,2025-04-08
2212,Mango,error,Quis minim aliqua labore sit consequat ad incididunt.,shipped,2025-07-24,2026-03-01
1823,banana,5.5,Ex elit lorem ut aute quis do reprehenderit aliquip enim in minim exercitation.,delivered,2025-03-03,2025-07-25
1746,Apple,45.0,Adipiscing nisi incididunt aliqua ut consequat dolor sed magna.,shipped,2025-06-14,2025-09-20
2406,APPLE,N/A,Eiusmod adipiscing ipsum commodo ut enim voluptate aliqua irure sed tempor.,ordered,2025-09-22,2025-10-12
2348,apple,45.0,Duis reprehenderit enim lorem duis sit nostrud aute irure magna et laboris sit.,packed,2025-08-30,2025-04-25
2169,apple,8.0,Laboris quis ea minim ad sit nostrud ea ut consequat aliquip commodo.,packed,2026-03-10,2025-08-12
1295,orange,45.0,Reprehenderit aliqua eiusmod nostrud ad dolore in ut aliqua.,packed,2025-10-12,2025-05-29
1743,Apple,100.0,Ut ullamco irure ipsum aliquip commodo dolor dolor laboris eiusmod dolore ullamco ut irure.,ordered,2025-08-31,2026-03-30
1795,Orange,22.99,Incididunt in ex incididunt duis adipiscing aliqua ut commodo ullamco.,ordered,2025-10-08,2025-03-24
2685,Apple,5.5,Magna duis ut aute consequat consequat ut ad et nostrud commodo aliquip ut.,ordered,2025-02-23,2025-07-08
2290,Apple,45.0,Magna ullamco ut sit adipiscing minim reprehenderit consequat.,packed,2026-02-25,2025-11-24
1924,Apple,45.0,Elit nostrud labore incididunt sit et dolore dolore consequat quis.,ordered,2025-01-24,2025-08-23
2857,orange,5.5,Tempor duis dolor exercitation nostrud adipiscing reprehenderit elit quis.,ordered,2026-03-22,2026-04-10
2694,Apple,8.0,Ut sed aute ea incididunt ad consectetur duis nostrud.,shipped,2025-07-13,2026-03-05
1369,mango,45.0,Incididunt tempor exercitation dolor et nisi ut lorem.,packed,2025-11-28,2026-02-12
2406,Banana,22.99,Aliqua nostrud sit veniam dolor in enim et exercitation laboris commodo ut commodo.,ordered,2025-09-17,2026-06-01
2269,mango,error,Laboris consectetur irure ipsum elit elit ad labore enim sit ut.,delivered,2025-05-26,2025-09-24
1239,Mango,12.5,Ad reprehenderit incididunt et aliqua irure tempor consequat dolor.,shipped,2026-03-23,2025-06-18
1646,Apple,45.0,Duis laboris commodo dolor adipiscing do ipsum tempor ut aliqua voluptate dolor.,ordered,2026-03-29,2026-01-01
2452,apple,5.5,Ad duis aute consectetur amet aute elit elit ad tempor irure.,packed,2025-01-05,2025-07-04
1852,orange,N/A,Ad amet labore incididunt voluptate consectetur dolore dolor amet ut ipsum ut ut enim.,shipped,2025-01-06,2025-12-04
2986,Orange,5.5,In voluptate irure commodo consectetur aute commodo incididunt commodo aliquip.,delivered,2025-04-05,2026-02-13
1522,ORANGE,N/A,Aute sit duis elit ea incididunt ex laboris consectetur ad aliqua commodo ut nisi.,packed,2026-01-03,2025-04-09
2704,Mango,N/A,Ut dolore tempor nostrud sit aliqua et sed ullamco sit minim.,delivered,2025-08-18,2025-06-08
2906,Apple,8.0,Enim sit commodo incididunt voluptate nisi incididunt eiusmod aliqua quis.,ordered,2025-02-16,2025-04-21
2045,mango,22.99,Ut ut commodo et nostrud ea lorem aliquip.,delivered,2025-07-03,2025-07-06
2726,mango,12.5,Magna ut ut aliquip ex ut commodo labore.,packed,2025-08-05,2025-07-09
1160,APPLE,error,Laboris aliqua lorem dolore lorem laboris ut magna laboris ex aliquip ut commodo exercitation.,delivered,2025-11-06,2025-03-31
1256,ORANGE,12.5,Amet lorem reprehenderit duis sed ullamco ullamco aliqua exercitation.,packed,2025-03-30,2025-11-05
2576,Apple,45.0,Aliqua consectetur irure aliquip ut enim lorem ut eiusmod incididunt consequat.,delivered,2025-02-22,2025-12-08
1016,orange,22.99,Duis aliquip nostrud veniam incididunt enim enim nostrud exercitation nisi consequat.,delivered,2025-08-26,2025-03-04
2081,Orange,22.99,Ut dolor irure magna enim ad in labore nisi lorem incididunt sed.,shipped,2026-03-25,2025-08-26
2039,Banana,100.0,Duis ut enim aute aliquip dolore magna in laboris et enim reprehenderit.,packed,2025-08-01,2025-10-17
2414,orange,5.5,Elit adipiscing ad commodo in ad eiusmod veniam voluptate.,shipped,2025-09-25,2026-01-01
2386,ORANGE,45.0,Duis ad commodo labore amet do quis enim voluptate ea ea ea veniam irure.,ordered,2025-02-21,2026-03-25
2636,Apple,8.0,Ea exercitation duis amet quis ad elit consectetur.,packed,2026-01-06,2025-06-10
2491,banana,5.5,Ad aliquip amet ullamco labore consectetur duis aliqua magna ea eiusmod commodo labore ad.,ordered,2025-09-30,2026-01-17
2464,mango,100.0,Laboris adipiscing ex aliqua do commodo magna magna ut duis commodo et ipsum.,packed,2025-01-11,2025-03-13
1173,Mango,100.0,Voluptate elit dolor ex laboris ullamco irure dolor ullamco ut laboris.,shipped,2026-03-06,2026-02-16
2814,apple,error,Aliquip dolor lorem incididunt minim dolor ut ut sed veniam ea laboris nisi.,delivered,2025-07-22,2025-11-05
1172,Orange,100.0,Aliquip aliquip consectetur voluptate incididunt sit veniam minim ex adipiscing ipsum.,shipped,2025-09-05,2025-11-08
2487,mango,8.0,Dolor dolore exercitation et dolor ullamco consectetur incididunt aliquip ut voluptate commodo voluptate.,packed,2025-12-25,2025-11-03
1582,APPLE,45.0,Dolore aliquip amet minim sed ea ut adipiscing aliqua magna sit aliqua consectetur.,packed,2026-04-02,2025-03-21
1756,apple,22.99,Quis ea aute nostrud ullamco voluptate nisi in aliquip magna elit ad.,delivered,2026-04-14,2025-05-13
2982,apple,8.0,Do enim ex in et in nostrud magna consectetur quis ipsum adipiscing et.,shipped,2025-11-07,2025-10-29
1995,Orange,45.0,Ea aliqua in ut incididunt elit aliquip lorem veniam.,ordered,2025-02-15,2026-03-04
1985,APPLE,error,Ut labore dolore consequat consequat consectetur consectetur ullamco ex laboris adipiscing aliquip.,ordered,2026-02-24,2026-02-01
1476,mango,100.0,Ipsum laboris ut tempor sit elit ipsum ullamco ea ut ullamco ullamco.,ordered,2025-07-17,2025-02-24
2960,APPLE,N/A,Enim irure consectetur in elit lorem ea eiusmod ut irure ut commodo exercitation magna.,ordered,2026-05-19,2025-01-24
1696,mango,45.0,Ipsum minim dolore sit voluptate veniam incididunt elit ea adipiscing in.,packed,2025-03-02,2025-11-30
1371,Orange,12.5,Dolore ut magna ut dolore consequat consectetur sed ex nostrud.,delivered,2026-06-01,2026-01-30
2944,orange,error,Ut veniam dolor ipsum ullamco dolor lorem veniam.,ordered,2025-09-10,2025-05-09
1623,APPLE,22.99,Sit ullamco sed reprehenderit dolore voluptate ea veniam aliqua dolor ut.,ordered,2026-04-21,2025-10-24
2337,ORANGE,12.5,In enim nostrud duis dolore et ullamco nostrud.,shipped,2025-02-16,2025-06-15
2513,apple,8.0,Sit ut consequat aliquip voluptate aute do ad commodo irure.,shipped,2025-09-25,2026-04-09
1559,Banana,100.0,Do reprehenderit labore dolor consectetur dolor exercitation lorem lorem elit.,delivered,2026-02-07,2025-03-25
2612,orange,12.5,Consequat ut consectetur reprehenderit dolore nostrud dolore duis commodo voluptate consectetur et sed lorem.,ordered,2025-10-15,2026-01-02
1392,orange,error,Ut eiusmod ad et incididunt irure ut sed sed consequat magna aute quis ad.,packed,2025-06-29,2025-03-08
2204,ORANGE,8.0,Tempor quis do minim ea sed nisi voluptate nisi.,shipped,2026-04-10,2025-01-03
2920,mango,12.5,In aliqua voluptate tempor nisi enim et ex irure do tempor aliqua ut lorem.,packed,2025-12-09,2025-03-25
2802,APPLE,12.5,Do nisi reprehenderit dolor sed labore dolor exercitation ipsum aliqua ipsum commodo in.,shipped,2025-09-11,2025-04-21
1969,Banana,100.0,Dolor labore commodo in ea exercitation ex exercitation quis sit dolor ipsum ut duis.,ordered,2025-05-11,2025-03-05
2882,Apple,12.5,Exercitation aliqua amet dolor dolor duis magna exercitation magna aute.,ordered,2026-04-10,2026-01-29
1950,mango,8.0,Ullamco nisi ipsum minim nostrud amet lorem ut nostrud duis.,packed,2025-09-20,2025-12-30
1862,Apple,5.5,Eiusmod commodo dolor ut aliqua reprehenderit ex ut irure.,packed,2025-05-31,2026-04-26
1632,APPLE,100.0,Et lorem nostrud nisi dolor ad consequat duis aliqua sed.,packed,2025-07-26,2025-03-12
1699,Banana,5.5,Nisi enim nisi duis quis labore incididunt labore amet aute dolor ad dolor.,packed,2025-08-24,2026-04-23
2277,Banana,N/A,Aliquip in labore aliquip sed elit voluptate et sit ipsum amet.,shipped,2026-03-27,2025-07-19
2292,APPLE,100.0,Reprehenderit sed incididunt do tempor elit duis eiusmod.,packed,2025-01-23,2025-06-30
2726,banana,8.0,Consequat consectetur laboris irure labore do ut et.,shipped,2025-06-25,2026-03-21
2798,orange,8.0,Aute consectetur sed minim nisi ut aliqua ullamco dolor.,packed,2025-10-29,2025-06-02
1671,Banana,12.5,Commodo aute duis reprehenderit irure sed sit enim laboris dolor ad ex ullamco.,shipped,2026-05-26,2026-04-21
1366,Mango,100.0,Nisi ut ad tempor magna dolor nostrud ipsum do sed aute magna.,shipped,2026-03-12,2026-01-22
2170,ORANGE,100.0,Veniam consectetur sit ut et nostrud enim exercitation aliqua enim.,delivered,2026-01-12,2026-05-25
1649,banana,22.99,Elit eiusmod ullamco et sit duis minim ullamco.,shipped,2025-08-22,2025-04-11
1242,orange,100.0,Veniam labore nisi eiusmod ex ea duis sed.,packed,2025-09-25,2025-01-09
2577,banana,error,Labore voluptate in consequat ex lorem laboris voluptate in aute do aliquip do eiusmod.,delivered,2026-04-18,2025-12-15
2621,orange,100.0,Sed ea ut do ut quis dolore quis consectetur in lorem commodo consequat labore.,delivered,2026-03-12,2026-02-18
2562,apple,error,Nostrud quis ipsum consectetur voluptate voluptate quis commodo dolor quis.,delivered,2026-01-26,2025-07-29
2942,mango,8.0,Dolore enim labore reprehenderit ullamco ut elit nisi elit consequat nostrud ipsum.,packed,2025-03-13,2026-01-31
1581,Banana,N/A,Laboris sit dolor minim elit duis magna adipiscing amet veniam.,delivered,2025-03-12,2026-02-03
2956,Banana,45.0,Sed aliqua ut enim nostrud in nostrud ad nisi tempor lorem adipiscing dolor magna.,packed,2025-12-03,2026-05-18
1942,Apple,12.5,Sit ullamco dolor labore duis commodo dolore consequat duis magna elit exercitation aliqua.,delivered,2025-07-07,2025-04-08
1805,Orange,N/A,Adipiscing aute veniam laboris dolor aliquip irure dolor magna ex consectetur et ex ad.,shipped,2026-02-24,2026-04-07
1337,banana,N/A,Ipsum ipsum ullamco nisi ut labore magna sed ipsum eiusmod ut consectetur.,delivered,2026-05-12,2026-04-18
1139,orange,N/A,In adipiscing consequat duis elit lorem amet incididunt minim dolore sit ex nisi.,packed,2026-03-28,2026-01-02
1364,Banana,12.5,Minim ut dolor ullamco minim laboris laboris amet nisi ut nostrud dolor dolore.,packed,2025-09-13,2026-01-19
2861,Banana,N/A,Lorem ipsum lorem consequat nisi dolor reprehenderit amet.,packed,2025-06-21,2025-02-15
1851,apple,8.0,Labore quis sed sed veniam in consectetur do et elit magna ut dolore ut.,ordered,2025-10-13,2026-01-13
1089,orange,N/A,Incididunt nostrud voluptate amet veniam voluptate duis elit reprehenderit nostrud voluptate.,delivered,2025-05-17,2025-12-07
1359,Mango,5.5,Labore exercitation nostrud dolore ullamco do nostrud voluptate.,packed,2025-01-22,2025-05-08
1632,Banana,22.99,Eiusmod sit consectetur ad sed dolore ullamco eiusmod aliquip voluptate ut aute consectetur ut.,ordered,2026-03-01,2025-10-23
2537,Orange,N/A,Aliquip labore sed dolor dolor voluptate commodo nisi do aute minim elit ullamco dolor.,delivered,2025-03-13,2025-07-17
1106,ORANGE,N/A,Sit nostrud consequat in eiusmod sit aliquip ut aliquip.,packed,2026-03-11,2025-06-30
2240,Banana,error,Quis reprehenderit sed aute enim in et dolore enim aliqua.,delivered,2025-06-09,2026-05-09
1040,mango,22.99,Sit irure incididunt veniam veniam elit dolore ut incididunt quis enim labore ut sed.,packed,2025-01-05,2025-01-14
2764,apple,100.0,Magna magna dolore aliquip dolore ut voluptate sit irure voluptate consectetur.,packed,2025-07-18,2026-03-23
2960,banana,100.0,Ut ullamco et dolor dolore aliqua eiusmod enim dolor et ut ipsum.,packed,2025-09-25,2026-04-12
2933,ORANGE,error,Nostrud in duis lorem ea ullamco dolor magna nostrud.,ordered,2025-07-13,2026-03-10
1339,mango,error,Incididunt reprehenderit laboris dolore ut magna aute aliquip sit ullamco ea labore adipiscing.,packed,2026-02-12,2025-11-12
1013,ORANGE,5.5,Amet ea magna magna incididunt aliqua elit sed.,packed,2025-07-22,2026-05-14
1372,apple,8.0,Quis do sed ex commodo sed voluptate aute aliqua dolor amet.,packed,2025-03-23,2025-10-28
1175,mango,8.0,Dolor ipsum eiusmod enim ex lorem tempor reprehenderit laboris ea.,ordered,2025-04-10,2025-08-05
2069,Orange,22.99,Minim reprehenderit tempor enim ex nostrud labore nisi labore ut eiusmod et.,delivered,2026-01-23,2025-02-28
2997,Mango,100.0,Amet ut ut aliquip irure consectetur nostrud aute incididunt ut consequat et exercitation laboris.,delivered,2026-02-28,2025-07-12
1006,Mango,12.5,Et ipsum commodo ut ut exercitation magna exercitation sit aliqua in in voluptate.,ordered,2026-01-30,2025-10-28
2243,Banana,45.0,Minim quis duis ad consectetur commodo incididunt laboris veniam aute elit ut amet laboris.,packed,2025-09-07,2025-08-05
1349,orange,8.0,Voluptate ipsum dolor labore dolore incididunt ut laboris in laboris laboris.,delivered,2025-04-03,2025-12-07
2785,Banana,8.0,Labore dolor aliquip aliquip laboris ea reprehenderit aliqua eiusmod tempor incididunt amet labore.,packed,2025-04-29,2026-01-12
1260,Mango,22.99,Aliquip ut nostrud sed dolore aliqua ea commodo in consectetur laboris nostrud.,ordered,2026-02-09,2025-01-10
2102,Apple,100.0,Consequat incididunt do nisi adipiscing incididunt ex duis consequat.,ordered,2025-11-24,2025-11-13
2028,orange,error,Ut enim consequat ad ut dolore voluptate labore consequat do aliquip commodo ut dolor.,packed,2026-05-15,2026-02-06
1612,ORANGE,12.5,Dolore aliqua enim labore dolore sit aliquip incididunt dolor ut veniam amet.,shipped,2025-02-25,2025-11-08
1937,ORANGE,45.0,Nisi incididunt adipiscing do ex aliquip lorem aliquip quis nisi voluptate.,packed,2026-01-21,2026-03-14
2391,ORANGE,12.5,Et enim in consectetur minim labore aliqua adipiscing.,delivered,2025-09-08,2025-02-04
1243,Banana,22.99,Ut nostrud elit ex ea voluptate laboris sit ut consequat dolore.,delivered,2026-01-12,2025-01-12
1245,orange,8.0,Ad laboris ad lorem quis quis tempor ex.,packed,2026-01-29,2026-05-11
2320,mango,error,Consectetur ut ut aute veniam magna ut dolore consequat ea minim dolor.,ordered,2025-08-01,2025-05-01
1370,APPLE,45.0,Veniam commodo consectetur consectetur sed adipiscing quis duis.,ordered,2025-03-28,2025-05-08
2036,banana,100.0,Elit voluptate laboris eiusmod ipsum in irure incididunt minim adipiscing ad ut.,shipped,2025-08-03,2025-04-12
2357,Orange,N/A,Sed incididunt consequat reprehenderit nostrud do et consectetur.,delivered,2025-03-18,2025-09-19
1533,mango,45.0,Ut in nisi in adipiscing sed ullamco tempor ullamco ullamco ut.,packed,2026-03-06,2025-06-07
1647,mango,22.99,Reprehenderit eiusmod tempor minim nisi magna labore sit.,shipped,2025-10-07,2025-05-30
2779,Banana,error,Amet voluptate do in ea consectetur minim aute.,delivered,2025-04-08,2025-12-24
2434,APPLE,error,Tempor amet dolor ut ex elit commodo nisi ea veniam aute magna.,packed,2025-09-23,2025-01-10
2406,apple,45.0,Consectetur dolore aliquip dolor aliquip reprehenderit ut eiusmod exercitation ut elit voluptate commodo.,shipped,2025-10-10,2026-03-15
2066,Banana,error,Duis in magna ut sit sit aliquip in elit dolor aliquip veniam ad.,ordered,2026-03-11,2025-05-20
1982,Apple,8.0,Lorem sed consequat lorem aliqua minim labore voluptate laboris dolor voluptate.,ordered,2026-04-05,2025-06-22
2381,apple,N/A,Sit duis minim in aliqua dolore dolore amet dolor.,packed,2025-05-01,2025-10-25
1612,Apple,error,Do aliquip quis do ut in ullamco consequat ipsum ut.,delivered,2025-02-28,2025-12-31
1012,APPLE,5.5,Incididunt amet et aliquip magna lorem aliqua sed minim irure.,delivered,2025-05-07,2026-05-15
1014,ORANGE,error,Enim dolore et irure veniam tempor voluptate laboris aliqua.,packed,2025-12-29,2026-03-21
1011,Mango,N/A,Sed ipsum dolore aliquip irure adipiscing sed enim.,shipped,2025-05-02,2026-03-08
2001,apple,5.5,Nisi consectetur ex ea magna aliquip aliquip consequat consectetur reprehenderit commodo consectetur labore lorem.,packed,2025-02-23,2025-12-17
1879,APPLE,12.5,Enim incididunt sit aliqua exercitation aliquip sed incididunt amet tempor ut.,delivered,2025-07-23,2026-05-01
2446,orange,45.0,Voluptate nostrud ullamco do consectetur ipsum voluptate dolor aliqua.,packed,2025-04-04,2025-02-22
1778,mango,error,Ullamco do labore enim ad ullamco ut tempor incididunt et magna ut dolor.,ordered,2025-01-01,2025-02-23
2352,Mango,N/A,Enim dolor amet elit in et ut amet lorem veniam.,packed,2025-12-06,2026-01-05
2518,Mango,100.0,Ullamco do dolore irure consectetur aliquip consectetur nostrud dolor.,packed,2025-07-17,2026-04-02
2895,orange,8.0,Exercitation incididunt enim ex minim adipiscing consectetur magna ut irure ex duis.,shipped,2026-01-10,2026-04-05
2289,orange,22.99,Enim minim in commodo elit tempor reprehenderit incididunt.,ordered,2025-07-14,2026-02-12
2013,apple,8.0,Aliqua ad quis dolore exercitation sed lorem quis nostrud.,ordered,2026-04-12,2026-05-31
2449,apple,error,Duis incididunt tempor consectetur do minim incididunt ullamco in tempor.,packed,2025-10-04,2025-02-22
2315,Banana,N/A,Amet ullamco ullamco reprehenderit ut in irure tempor consectetur irure incididunt voluptate.,ordered,2025-12-31,2025-08-13
2496,banana,45.0,Reprehenderit veniam voluptate ea ea amet ex dolore laboris aute.,packed,2026-03-29,2025-08-14
1664,banana,N/A,Ullamco duis magna ut aliquip aliqua adipiscing enim ad ut consequat elit.,delivered,2025-07-04,2025-10-16
1043,banana,45.0,Consequat nisi sed adipiscing aliqua ut ullamco magna aliquip.,packed,2025-01-13,2025-04-13
1773,mango,12.5,Consequat ex ullamco ipsum eiusmod sit adipiscing exercitation.,ordered,2025-01-10,2025-04-19
2110,Mango,8.0,Consectetur ex irure consequat ut enim eiusmod veniam tempor.,ordered,2025-01-22,2025-02-15
1210,apple,error,Ad consequat adipiscing dolor ipsum aliqua adipiscing laboris.,packed,2026-01-29,2025-04-26
2007,ORANGE,8.0,Amet reprehenderit et exercitation consectetur dolor dolor irure nostrud.,packed,2026-03-15,2025-12-09
2228,ORANGE,22.99,Irure nisi exercitation incididunt aute tempor ad et tempor.,ordered,2025-01-03,2025-06-02
2592,ORANGE,100.0,Dolore aliquip ea enim dolor quis reprehenderit tempor sit.,packed,2025-07-06,2026-01-30
1722,Mango,5.5,Enim reprehenderit nostrud ullamco consectetur in dolor dolore veniam veniam ad.,packed,2026-01-29,2025-03-27
2189,mango,N/A,Sit et sed duis et enim consectetur amet dolor et duis ea consectetur.,delivered,2025-05-28,2026-03-08
1496,Banana,N/A,Ex consectetur nisi adipiscing aliquip nisi aliqua dolor.,ordered,2025-03-17,2026-05-04
2715,APPLE,45.0,Adipiscing adipiscing eiusmod lorem consequat magna ex enim.,packed,2025-11-03,2026-04-27
1842,Mango,5.5,Ullamco lorem amet dolor ullamco nostrud elit adipiscing magna aliqua in ut ut tempor.,shipped,2025-08-21,2026-03-10
2907,ORANGE,error,Minim voluptate consectetur do exercitation do elit ex.,ordered,2026-04-25,2026-05-04
1641,mango,22.99,Dolor et aliqua tempor amet et ea labore eiusmod.,packed,2025-04-20,2025-03-08
1433,APPLE,12.5,Dolor sed sed dolor eiusmod sit quis ipsum voluptate enim dolor amet ut voluptate.,shipped,2026-02-12,2026-05-28
1399,Mango,22.99,Et consectetur nisi labore irure ad ad ea ipsum commodo enim aute ipsum.,packed,2025-06-05,2026-04-20
1161,orange,N/A,Commodo laboris ea adipiscing reprehenderit minim aliquip laboris dolor.,shipped,2026-04-04,2025-05-15
1694,banana,100.0,Duis aliqua irure ea dolore sed exercitation sit adipiscing exercitation ad commodo.,packed,2025-11-13,2025-03-31
2021,orange,5.5,Elit incididunt dolor quis et sit ut ut voluptate voluptate.,delivered,2025-05-24,2025-05-07
2990,APPLE,5.5,Et incididunt magna exercitation nisi aliqua minim exercitation.,shipped,2026-01-18,2025-03-27
2397,mango,5.5,Aute voluptate ipsum voluptate dolor ea ut quis adipiscing amet.,delivered,2025-06-12,2026-02-13
2748,orange,N/A,Aute laboris et enim veniam consequat amet elit amet reprehenderit magna.,delivered,2025-07-24,2026-02-16
1673,orange,100.0,Voluptate enim ut enim tempor ipsum adipiscing enim ullamco ut.,ordered,2026-01-25,2025-03-05
2917,Mango,22.99,Do do lorem ex aliqua eiusmod elit adipiscing tempor sit aute.,delivered,2026-03-06,2025-08-08
2371,banana,45.0,Dolor irure aliqua reprehenderit incididunt sed in enim veniam ea reprehenderit aliqua dolor quis.,ordered,2025-07-23,2025-03-21
2480,APPLE,45.0,Laboris consequat aliquip consequat aliquip lorem irure in ad ut.,delivered,2025-09-27,2025-01-04
1922,ORANGE,5.5,Reprehenderit amet do voluptate aliqua veniam elit dolore labore in reprehenderit quis lorem.,shipped,2025-01-17,2025-11-06
2836,banana,8.0,Ad voluptate magna et consequat aliqua reprehenderit labore dolor ut dolore veniam adipiscing.,delivered,2026-01-26,2025-10-19
2730,mango,error,Exercitation dolor duis voluptate commodo amet ullamco exercitation magna ad ex dolor amet.,delivered,2026-05-31,2025-02-03
2367,banana,22.99,Do ut dolore sed enim consectetur reprehenderit dolor magna.,delivered,2025-01-08,2026-01-19
2601,Banana,error,Aute tempor duis commodo magna eiusmod irure magna lorem adipiscing.,shipped,2025-11-22,2025-12-10
1349,APPLE,22.99,Veniam dolore exercitation dolore dolor in aliqua in dolore.,packed,2026-02-17,2025-11-22
2059,ORANGE,22.99,Amet commodo ad ullamco ea duis exercitation tempor veniam.,shipped,2025-07-28,2025-04-06
1191,Orange,22.99,Ullamco nostrud ipsum ut dolor sit dolore aliquip.,packed,2026-04-10,2026-01-02
1382,Banana,N/A,Sed duis aliquip commodo dolore tempor dolor sit adipiscing lorem.,ordered,2025-04-24,2026-04-16
2898,APPLE,8.0,Adipiscing tempor elit sit duis dolor sed amet.,ordered,2026-02-28,2025-03-17
1996,orange,N/A,Aliqua irure ullamco ut adipiscing incididunt irure laboris ullamco duis consectetur labore labore.,ordered,2025-06-12,2025-09-18
2897,orange,N/A,Ipsum lorem minim adipiscing aute amet do labore do aliquip in tempor.,delivered,2025-07-24,2025-04-05
1713,apple,error,Ex ad minim magna sed elit nisi irure incididunt dolore nostrud.,shipped,2025-06-19,2025-07-30
2953,Apple,22.99,Aliqua ex consequat exercitation exercitation aliqua quis dolore ullamco dolor elit.,ordered,2025-09-17,2026-02-24
1601,APPLE,100.0,Ipsum elit ut commodo et sit laboris et ea consectetur ut.,ordered,2025-12-03,2025-08-07
1953,APPLE,100.0,Quis dolore nostrud minim amet tempor exercitation aute duis.,ordered,2026-03-08,2026-03-22
1650,Mango,N/A,Dolor ad dolor tempor consectetur ut nostrud nostrud eiusmod.,ordered,2025-10-19,2025-01-19
2318,APPLE,12.5,Incididunt duis magna irure dolor ipsum ullamco dolor amet commodo aliquip.,shipped,2025-11-21,2025-12-21
1819,orange,100.0,Exercitation dolore nisi ut duis reprehenderit consectetur dolore exercitation ipsum dolor.,ordered,2025-05-23,2025-04-18
1661,mango,N/A,Sit aliquip commodo consequat veniam lorem nisi dolor aute.,ordered,2025-04-24,2025-02-19
2939,banana,8.0,Labore exercitation commodo tempor elit consectetur ut consectetur aute ex.,delivered,2026-04-03,2025-05-06
2068,apple,N/A,Enim ad incididunt ea enim sit ex ut et consequat eiusmod ullamco.,packed,2025-03-21,2025-03-18
2990,Apple,12.5,Lorem do consequat sed amet sed nostrud minim duis.,shipped,2026-04-10,2025-06-07
2736,apple,8.0,Do et reprehenderit aute minim ea sed tempor elit.,shipped,2025-04-15,2025-05-31
1944,orange,8.0,Lorem ut tempor enim minim et consectetur veniam et.,packed,2025-06-04,2026-02-11
2028,mango,100.0,Aliqua et dolor dolore dolor sed sed elit.,shipped,2026-05-21,2026-03-20
1223,Orange,N/A,Do dolor ipsum tempor dolor amet do exercitation.,delivered,2026-02-06,2026-02-07
1207,Banana,error,Sed ea labore incididunt nostrud aliquip amet ad ut enim ut.,packed,2025-06-24,2025-11-19
2395,orange,45.0,Labore ut reprehenderit laboris aliqua lorem reprehenderit aute elit.,ordered,2025-12-27,2026-05-01
2194,Orange,5.5,Eiusmod amet consequat quis voluptate consequat minim elit adipiscing amet ut aliquip ut aliquip.,shipped,2026-05-14,2025-09-17
1746,Apple,12.5,Et ut irure ea duis irure nostrud amet nisi aliquip lorem voluptate duis laboris.,packed,2026-01-01,2026-05-25
1063,Banana,22.99,Sed sit dolor dolore amet tempor exercitation veniam dolor voluptate.,packed,2025-09-29,2025-12-24
2818,Mango,22.99,Magna voluptate ut ipsum minim labore exercitation aliqua ut reprehenderit commodo incididunt.,ordered,2026-05-26,2025-05-31
1955,ORANGE,error,Quis adipiscing enim dolor incididunt ut do consequat consectetur enim lorem et.,ordered,2025-02-21,2025-09-15
1282,Mango,error,Duis laboris ea adipiscing sit tempor voluptate sed nostrud sit do enim et commodo.,delivered,2026-03-09,2026-02-13
2980,orange,error,Nostrud elit aliqua aute commodo consectetur ea eiusmod magna sed.,shipped,2025-03-29,2025-11-01
2160,Apple,45.0,Ea consequat amet minim nisi ad nisi et et enim reprehenderit.,delivered,2025-01-29,2025-01-28
2960,mango,8.0,Adipiscing irure ea quis dolore exercitation irure aute dolor duis consectetur laboris ut ex.,delivered,2025-02-25,2025-03-28
1112,banana,8.0,Nostrud consequat quis nisi aute consectetur nostrud ad ut ut.,packed,2026-05-23,2025-05-20
1457,ORANGE,error,Ut voluptate lorem enim nisi amet lorem nostrud consectetur amet sed enim consequat.,delivered,2026-02-05,2025-02-26
2896,orange,error,Enim elit eiusmod duis tempor exercitation aliqua laboris consectetur adipiscing lorem.,packed,2025-09-04,2025-06-24
2047,apple,N/A,Enim incididunt amet nostrud et tempor dolore commodo ut commodo adipiscing.,shipped,2026-04-14,2025-05-04
2155,mango,12.5,Ut ullamco irure exercitation ipsum dolor reprehenderit enim aliquip tempor voluptate et.,packed,2025-12-24,2026-02-04
2050,orange,45.0,Adipiscing laboris quis ut duis adipiscing ea laboris dolor dolor duis enim reprehenderit.,packed,2025-09-23,2025-05-13
2429,Mango,100.0,Exercitation magna ipsum duis adipiscing amet amet in enim ex voluptate commodo.,packed,2025-04-18,2025-06-28
2491,mango,22.99,Dolor eiusmod ipsum ex aliqua dolore ullamco ipsum.,packed,2025-11-25,2025-04-21
2430,Apple,22.99,Voluptate quis sed eiusmod aliqua incididunt sed adipiscing commodo.,packed,2025-03-30,2025-01-25
2288,orange,N/A,Commodo irure et magna veniam sit elit aliquip.,delivered,2025-07-14,2025-08-01
2168,Apple,100.0,Exercitation quis consectetur dolor aliqua dolore sit sit ea incididunt.,ordered,2026-05-26,2025-08-25
1105,APPLE,100.0,Do in dolor eiusmod ut dolor aute reprehenderit.,ordered,2025-09-05,2026-05-28
1639,mango,12.5,Nisi amet enim dolor tempor ipsum labore tempor labore ex consectetur veniam.,shipped,2025-03-05,2025-08-30
2010,orange,12.5,Voluptate in nostrud exercitation sit veniam in tempor ipsum ipsum.,packed,2025-12-25,2026-03-18
1978,banana,N/A,In ipsum ea sed exercitation dolore nisi lorem.,delivered,2025-02-23,2026-02-01
2568,mango,45.0,Ut veniam amet consectetur exercitation irure et labore dolor eiusmod sit.,ordered,2025-08-21,2026-02-27
2530,apple,12.5,Lorem ut commodo sit consectetur elit ipsum et laboris eiusmod incididunt exercitation enim consectetur.,ordered,2025-03-20,2025-09-14
2921,apple,N/A,Ut commodo irure duis ut ut et veniam aute eiusmod irure.,shipped,2026-05-31,2025-04-17
1110,Mango,22.99,In enim sit dolor duis minim ut veniam consectetur aliquip ea ipsum eiusmod.,delivered,2026-04-10,2025-04-27
1043,Apple,12.5,Tempor dolore consequat sit incididunt exercitation ad aute dolore ipsum.,packed,2026-01-24,2025-07-08
2351,mango,12.5,Ut veniam labore ipsum exercitation irure dolor dolor commodo nostrud ex labore consequat.,delivered,2026-03-14,2025-02-28
2653,orange,22.99,In incididunt voluptate minim aliqua ut ea tempor reprehenderit enim voluptate eiusmod dolor.,shipped,2025-10-08,2025-03-29
1511,apple,error,Quis ipsum tempor tempor eiusmod laboris ea lorem ut laboris.,shipped,2025-07-03,2026-03-31
1947,Orange,5.5,Enim reprehenderit enim duis do dolor in tempor.,shipped,2025-03-07,2026-03-28
1368,banana,error,Aute consectetur ullamco adipiscing exercitation dolor amet ipsum nisi aute.,shipped,2025-02-12,2025-08-22
1124,banana,error,Nisi duis et ut nostrud et sit ut.,ordered,2025-08-31,2025-07-28
1667,APPLE,100.0,Consequat magna ullamco aute adipiscing labore ea labore magna laboris enim reprehenderit exercitation adipiscing.,ordered,2025-10-25,2025-06-03
2867,APPLE,12.5,Exercitation commodo ad ea ad nostrud labore do.,ordered,2025-06-03,2026-01-26
2561,orange,8.0,Quis voluptate ullamco aliquip veniam consectetur aute commodo exercitation.,delivered,2025-11-21,2025-10-03
1399,APPLE,error,Labore commodo voluptate do ut reprehenderit nisi ut reprehenderit.,delivered,2026-01-06,2025-03-23
1720,apple,8.0,Laboris exercitation ut aliqua quis consequat consectetur veniam ea magna.,packed,2025-09-24,2025-10-21
1699,Mango,8.0,Magna ad adipiscing ad aute sed elit ut.,packed,2025-05-04,2026-03-05
1539,apple,5.5,Amet aute consequat ipsum elit sit minim minim dolore aliqua consectetur nisi eiusmod.,shipped,2025-05-02,2025-12-11
2837,Mango,8.0,Ipsum aliquip et ut magna ut consequat incididunt enim consectetur elit ex dolor.,ordered,2025-06-05,2025-01-08
2215,APPLE,100.0,Ullamco dolore aliqua ad nostrud in amet incididunt labore quis irure quis duis.,delivered,2025-10-20,2025-11-27
1786,Mango,45.0,Ipsum in aute aliquip aliqua tempor aute ut labore.,packed,2025-05-02,2025-10-22
1560,Apple,5.5,Irure incididunt dolor voluptate ex dolor laboris adipiscing sed.,packed,2025-01-29,2025-02-10
2965,apple,N/A,Enim consequat et incididunt in aliqua ut consectetur.,delivered,2025-10-30,2025-04-23
2466,orange,5.5,Ad sit consectetur tempor laboris reprehenderit commodo ex do sit adipiscing.,shipped,2025-10-10,2026-04-10
2291,apple,8.0,Nisi irure ipsum amet ut minim sed quis duis exercitation in exercitation eiusmod.,delivered,2025-08-14,2025-07-20
1543,Apple,45.0,Commodo aliquip incididunt sed aute in duis ex lorem dolor veniam.,packed,2025-07-02,2025-02-09
1856,banana,22.99,Nostrud ullamco enim laboris elit incididunt do incididunt enim commodo dolore et enim.,ordered,2025-08-13,2025-04-26
2972,banana,22.99,Ut laboris amet ut ut amet nisi ut ea enim commodo.,delivered,2026-02-26,2025-08-29
1059,banana,error,Do duis magna quis ut nisi magna commodo aliqua tempor dolor enim.,packed,2025-12-14,2025-02-16
1631,Apple,22.99,Quis elit sed exercitation in exercitation labore exercitation lorem.,ordered,2026-01-24,2025-04-03
2598,Mango,100.0,Ex dolor dolor do veniam voluptate duis magna ut incididunt adipiscing dolore magna veniam.,packed,2025-01-14,2025-02-06
2731,Orange,8.0,Magna enim adipiscing incididunt do ea eiusmod tempor consectetur ea laboris consectetur.,shipped,2025-03-28,2025-03-20
1151,apple,22.99,Lorem consequat exercitation adipiscing aliquip commodo sed exercitation.,shipped,2025-11-28,2026-03-12
2049,Orange,error,Ut amet reprehenderit quis dolore aliqua do magna tempor incididunt.,packed,2026-01-27,2025-01-18
2017,mango,100.0,Veniam amet do reprehenderit magna do et quis ullamco labore commodo reprehenderit amet elit.,delivered,2025-09-13,2025-03-27
1289,mango,5.5,Aliquip quis do ex eiusmod ut labore adipiscing ut quis magna lorem.,packed,2026-05-16,2026-05-27
1641,Banana,100.0,Ut minim duis voluptate sit amet ut dolore ex adipiscing ex.,packed,2025-07-22,2026-03-25
2781,orange,12.5,Ad exercitation minim adipiscing aute magna lorem consectetur voluptate ut aute.,shipped,2025-11-27,2026-01-16
2154,ORANGE,45.0,Minim sed exercitation ut minim eiusmod ut in dolor ut.,packed,2025-06-18,2026-05-01
1020,Mango,22.99,Adipiscing dolor voluptate ut sed nisi veniam labore dolor.,delivered,2025-06-10,2025-03-10
1717,apple,N/A,Ullamco dolor tempor consequat aute nostrud ut exercitation magna eiusmod.,packed,2025-03-21,2025-06-06
1210,Banana,error,Tempor amet commodo nostrud ex labore ea nostrud tempor.,delivered,2025-08-03,2025-06-22
1005,Banana,N/A,Dolor exercitation adipiscing enim lorem sit reprehenderit consectetur.,delivered,2026-03-12,2026-04-29
1669,banana,8.0,Quis dolore dolore enim ut minim minim aute duis.,packed,2025-10-12,2025-05-27
2720,mango,5.5,Nisi eiusmod consectetur irure laboris elit aute duis ea labore aliqua.,packed,2026-01-27,2026-01-19
1366,Orange,N/A,Et sed nostrud labore dolor dolor ad lorem tempor ullamco ullamco.,delivered,2025-02-14,2025-09-17
1561,Orange,12.5,Ut enim exercitation ut elit ex ullamco veniam amet et exercitation ut ut elit.,packed,2025-03-26,2026-03-06
2708,orange,12.5,Ullamco dolor amet veniam voluptate sed exercitation lorem duis duis ut.,packed,2026-01-11,2025-01-15
2926,mango,22.99,Laboris dolor sed ex adipiscing tempor elit ipsum exercitation nisi magna ullamco duis in.,shipped,2025-10-08,2025-12-26
1241,Mango,5.5,Consequat sit in sit dolor elit sit ut exercitation lorem elit lorem.,shipped,2026-04-17,2025-03-25
2796,Banana,error,Nisi in aute ex aliquip ut dolore incididunt tempor quis magna consequat tempor sed.,shipped,2025-09-23,2026-03-27
1541,orange,5.5,Quis et ullamco ut ullamco consequat ipsum consequat dolore veniam.,packed,2026-03-21,2025-12-22
2323,banana,N/A,Ut ad consequat commodo sit ea tempor enim ipsum amet.,packed,2026-05-02,2025-05-24
1956,APPLE,100.0,Quis laboris irure ut amet et irure adipiscing enim labore.,ordered,2025-07-11,2026-01-02
1627,ORANGE,5.5,Sed lorem commodo ut quis aliqua magna consequat eiusmod dolore labore nisi.,shipped,2025-02-11,2025-08-28
2562,apple,8.0,Aliqua tempor quis nostrud elit elit incididunt nostrud nisi minim in.,packed,2025-05-14,2025-12-08
2614,Orange,8.0,Commodo adipiscing labore magna ut laboris sed elit ut elit.,packed,2026-03-24,2025-04-03
2483,Banana,45.0,Veniam ea lorem adipiscing amet veniam dolore do enim dolore ut eiusmod dolor.,delivered,2025-05-12,2025-11-22
2562,ORANGE,22.99,Labore incididunt nisi aute nostrud minim labore laboris reprehenderit ipsum irure elit eiusmod et.,ordered,2026-02-12,2025-03-21
2322,Banana,45.0,Sed do aliqua labore laboris aliqua incididunt dolore consequat ipsum reprehenderit.,delivered,2025-07-03,2025-06-17
1815,apple,8.0,Commodo labore aliquip laboris magna commodo adipiscing consectetur ad nisi lorem.,delivered,2026-03-09,2025-02-25
1620,mango,error,Ullamco nostrud commodo ut dolore enim labore veniam et ea voluptate minim dolore.,ordered,2025-06-03,2025-01-08
1690,APPLE,error,Minim exercitation aute aliqua ut ipsum aute ut dolor.,shipped,2025-09-16,2026-03-12
1691,banana,12.5,Tempor incididunt magna ut incididunt ipsum amet aliquip minim magna elit veniam.,packed,2025-05-29,2026-05-21
1882,banana,100.0,Nisi eiusmod consequat consequat aliquip minim ut sit dolore adipiscing voluptate.,ordered,2026-01-27,2025-03-22
1691,banana,22.99,Lorem in tempor laboris aute consequat aliqua consectetur sed tempor ut.,packed,2025-02-20,2026-01-19
2174,Apple,N/A,In tempor nisi elit ad ipsum magna elit incididunt lorem sed ea laboris tempor.,delivered,2025-11-22,2025-04-10
1453,Banana,12.5,Ut dolor incididunt ut consequat nostrud ullamco labore dolore dolor lorem labore labore.,delivered,2025-06-05,2026-04-19
2749,Apple,N/A,Ut laboris eiusmod ipsum duis reprehenderit ullamco quis labore sed voluptate et.,shipped,2025-11-19,2026-04-08
2381,Apple,12.5,Exercitation elit et aliqua voluptate ipsum reprehenderit veniam ad.,packed,2026-01-20,2025-05-15
1775,APPLE,8.0,Magna do amet incididunt aute ex voluptate voluptate.,delivered,2025-12-27,2025-08-11
1856,APPLE,error,Ea ullamco laboris nisi ullamco ullamco ad minim do magna.,delivered,2025-10-21,2026-04-06
1321,ORANGE,22.99,Lorem consequat ex laboris nisi amet quis magna magna sed.,ordered,2025-08-18,2025-05-22
2248,APPLE,8.0,Quis magna lorem exercitation elit exercitation nisi in lorem nostrud ea dolore.,packed,2025-06-15,2026-04-14
1755,Banana,45.0,In dolor ut incididunt irure sed ut eiusmod nostrud voluptate commodo.,delivered,2026-05-28,2025-04-24
2645,APPLE,100.0,Dolor adipiscing ut reprehenderit lorem ipsum nisi aute voluptate aute sit magna tempor ut.,ordered,2025-01-25,2026-03-26
1984,Orange,error,Magna consequat ea et ut ad ullamco aliqua consectetur adipiscing tempor consequat ex amet.,packed,2026-01-11,2026-02-27
2344,Mango,45.0,Commodo do amet ullamco sit irure ad eiusmod tempor.,shipped,2026-04-01,2025-12-05
2612,Apple,error,Tempor ipsum adipiscing minim ipsum aute quis ut ut ut quis ut.,delivered,2025-10-29,2025-06-08
2523,ORANGE,45.0,Incididunt dolore ullamco ipsum do ut nostrud tempor aliquip ex voluptate magna.,packed,2025-12-19,2025-06-09
2202,apple,100.0,Dolore aute enim elit minim elit irure lorem in labore ut do.,shipped,2025-05-03,2025-07-21
1730,Apple,5.5,Dolor irure duis duis ea minim do sed laboris magna amet labore.,ordered,2025-10-05,2025-03-23
2987,Orange,5.5,Minim eiusmod commodo elit in duis do ut elit voluptate tempor tempor.,packed,2025-03-07,2025-05-16
2070,banana,12.5,Do nostrud quis ut veniam ea ut ullamco sed.,ordered,2026-03-29,2025-03-27
1974,Banana,8.0,Nostrud nostrud incididunt lorem aliqua irure ut ut ullamco nostrud ullamco ex.,ordered,2025-09-15,2026-02-21
2231,banana,5.5,Elit ad minim in incididunt aute eiusmod tempor quis ut aliqua voluptate in.,delivered,2025-01-07,2025-11-23
2829,apple,5.5,Elit dolor aliqua ut dolor ut ullamco veniam elit ea ex.,packed,2025-11-11,2026-05-29
1625,Mango,5.5,Nisi dolor do laboris ut sed magna elit.,packed,2025-06-10,2025-11-30
2959,apple,5.5,Nostrud magna aliquip do tempor in consequat et ut aliquip consequat ut ut.,delivered,2026-03-04,2025-01-06
2561,mango,12.5,Et commodo reprehenderit ex lorem ut sed ut incididunt dolore ut.,delivered,2025-11-30,2025-07-24
2633,Banana,5.5,Tempor sit adipiscing aliquip in nostrud in in ea dolore reprehenderit ut eiusmod voluptate.,delivered,2025-03-02,2025-04-14
1114,Mango,error,Et dolor amet consectetur ex ut ea magna adipiscing adipiscing incididunt sed.,ordered,2026-03-25,2025-09-09
1671,APPLE,error,Minim incididunt lorem ea dolor ea ut ut duis irure ut irure.,packed,2025-11-25,2026-04-25
1466,Apple,100.0,Sed reprehenderit tempor nostrud in adipiscing ullamco aliqua commodo commodo.,ordered,2026-01-18,2025-01-17
2158,mango,12.5,Aute labore veniam incididunt labore dolor sit sit quis amet adipiscing minim.,ordered,2026-04-25,2025-07-15
2539,orange,22.99,Tempor ut aute aliquip ullamco sit ullamco labore minim nisi consequat aliqua lorem quis.,ordered,2026-02-04,2025-01-20
1017,Banana,100.0,Adipiscing duis nostrud ea minim laboris sed consequat dolor irure ut.,packed,2025-07-13,2025-06-01
1422,banana,45.0,Ipsum nostrud duis ea veniam reprehenderit labore ut.,packed,2025-08-02,2025-07-26
1620,ORANGE,22.99,Eiusmod dolor ea ipsum aute in consectetur in ipsum aute.,packed,2026-01-25,2025-02-20
1915,Apple,22.99,Sed dolore consequat sit elit dolor aliquip consectetur ex.,ordered,2026-05-16,2026-01-02
2535,Mango,22.99,Do sit ad enim ad in lorem dolore aliqua.,ordered,2025-12-30,2026-01-05
2936,banana,8.0,In laboris do ut ullamco commodo aute lorem reprehenderit aliquip irure.,ordered,2025-05-25,2025-09-12
1363,APPLE,12.5,Minim adipiscing enim ipsum nostrud do aliquip incididunt exercitation.,packed,2026-03-06,2025-06-26
1357,apple,45.0,Commodo laboris et dolor ea ipsum sed magna dolore duis exercitation ipsum ipsum.,ordered,2026-04-27,2025-02-05
2505,ORANGE,22.99,Veniam ex aliquip elit amet labore do aliqua.,ordered,2025-04-26,2026-05-03
1951,mango,5.5,Duis commodo lorem enim irure tempor ut veniam reprehenderit.,ordered,2026-05-05,2026-05-20
2533,APPLE,N/A,Do consectetur in do sit amet magna irure amet.,packed,2025-09-14,2025-07-09
2495,banana,100.0,Reprehenderit laboris minim quis aute ex consectetur aliqua laboris quis in ipsum irure.,delivered,2025-02-19,2025-07-22
1373,Orange,45.0,Ipsum commodo adipiscing ut quis enim labore ullamco consequat quis ut do exercitation.,delivered,2025-05-01,2025-10-14
2342,apple,100.0,Voluptate sed labore aute ea ut amet duis ex tempor.,shipped,2026-03-13,2025-01-27
2975,apple,45.0,Do ut amet veniam incididunt aute ut aliqua.,ordered,2026-06-01,2025-07-06
1814,apple,N/A,Duis do lorem aliquip et nostrud adipiscing duis minim.,shipped,2025-08-24,2025-06-20
1766,ORANGE,8.0,Elit ullamco exercitation duis ex adipiscing in exercitation duis tempor reprehenderit in incididunt.,delivered,2026-05-03,2026-04-25
1659,ORANGE,error,Sit ut laboris sed aliquip nostrud dolor ex.,packed,2025-05-28,2026-05-08
2684,ORANGE,N/A,Ea ullamco dolore sed consequat sit reprehenderit tempor irure consectetur aliquip.,packed,2025-07-30,2026-03-31
1291,banana,100.0,Ullamco minim minim ea nostrud do aliqua consequat.,delivered,2025-06-07,2025-03-14
2802,Mango,error,Dolore irure amet enim nostrud aute nisi commodo.,shipped,2025-08-19,2025-04-16
1181,APPLE,100.0,Aute laboris consequat reprehenderit aliqua ullamco aute incididunt aliquip.,shipped,2025-09-15,2025-12-03
1859,banana,100.0,Lorem ut enim nostrud do aliqua tempor voluptate.,delivered,2026-01-20,2026-01-27
1086,APPLE,8.0,Duis ullamco amet amet reprehenderit eiusmod quis ut nostrud consequat ut ipsum.,delivered,2026-04-17,2025-02-08
2925,mango,22.99,Dolor do elit ullamco labore incididunt magna ipsum ut irure et nisi et.,packed,2025-10-11,2026-04-02
2605,Orange,100.0,Ut ullamco ea adipiscing quis aute ullamco aliquip ex ea elit.,delivered,2025-04-02,2025-12-08
1720,APPLE,N/A,Consequat amet aliquip ullamco ut ad sed dolore tempor ut.,shipped,2025-12-12,2026-03-25
2834,Mango,45.0,Ut amet nostrud dolor ut quis ex veniam magna.,ordered,2025-07-23,2025-04-06
1185,APPLE,22.99,Tempor ut minim magna dolor amet reprehenderit consequat irure incididunt quis sit voluptate ut.,ordered,2025-09-09,2025-06-08
2367,banana,12.5,Do nisi do aute aliqua commodo adipiscing incididunt reprehenderit duis enim.,delivered,2026-03-01,2025-07-16
1844,ORANGE,22.99,Quis irure dolore tempor commodo et commodo aliqua et dolor eiusmod veniam sit.,packed,2025-11-26,2025-09-10
2629,apple,45.0,Voluptate ea ad enim ut commodo nostrud ut.,packed,2026-04-22,2025-10-03
2176,Orange,5.5,Aliqua nostrud dolor voluptate lorem ut ullamco irure enim ut dolor et.,shipped,2025-09-16,2025-01-29
2461,APPLE,5.5,Ut in voluptate do ut veniam nisi labore quis aute in.,packed,2025-11-19,2025-01-07
2988,APPLE,12.5,Ex nostrud ea sit dolor magna adipiscing sed voluptate ea voluptate consequat ipsum.,delivered,2025-05-03,2025-12-06
1182,orange,22.99,Ut nisi commodo dolore enim duis elit ut elit aliqua eiusmod sit.,shipped,2026-02-16,2025-07-25
1464,Mango,8.0,Ut amet tempor aute dolor veniam nisi amet lorem voluptate.,ordered,2025-01-05,2025-12-01
1787,banana,12.5,Irure quis duis reprehenderit sed exercitation elit do labore aute dolor nostrud quis irure.,packed,2025-06-02,2026-04-01
1062,APPLE,12.5,Irure commodo consectetur in in amet nisi nostrud elit amet sed adipiscing.,shipped,2026-04-11,2026-02-03
2605,Apple,8.0,Veniam labore et eiusmod consequat sed magna et dolor dolor commodo dolor ut.,ordered,2025-04-04,2025-11-25
2867,apple,22.99,Veniam sed ut ut sed in aliqua aliqua sit ipsum amet quis exercitation ut.,shipped,2025-02-26,2025-02-12
1385,orange,error,Ex quis elit ut dolor ipsum reprehenderit dolore et veniam consequat nisi.,delivered,2025-07-02,2026-01-15
2394,Orange,N/A,Ut elit do ut ut ad quis exercitation.,ordered,2026-01-26,2025-07-30
2843,orange,error,Irure laboris dolor labore elit dolore do dolor.,delivered,2025-02-15,2025-06-09
1290,APPLE,N/A,Laboris aute aliqua quis aute exercitation sed aute aliquip tempor nisi magna.,delivered,2026-01-22,2025-10-12
2725,Banana,5.5,Nostrud exercitation magna nisi ut laboris do ullamco amet irure.,delivered,2025-03-10,2025-07-07
2099,Mango,45.0,Tempor nisi in magna veniam incididunt quis amet consectetur consequat irure in veniam.,delivered,2025-07-25,2025-05-11
2061,Orange,5.5,Amet do consequat elit ex commodo eiusmod exercitation aliqua adipiscing nostrud.,ordered,2026-05-31,2025-07-13
2573,Banana,100.0,Quis in labore in dolor et sed ullamco.,delivered,2026-01-25,2025-06-06
2939,banana,8.0,Elit sed laboris aliqua aute dolor eiusmod minim veniam.,packed,2025-11-22,2025-02-28
1228,orange,22.99,Minim exercitation elit in et adipiscing amet eiusmod dolore quis commodo ea.,ordered,2025-08-18,2025-02-06
2154,apple,8.0,Ullamco dolor in ullamco incididunt exercitation ut ex.,delivered,2025-09-14,2025-12-20
2303,Apple,5.5,Ut aute do incididunt aliquip reprehenderit dolore tempor adipiscing.,ordered,2026-03-19,2025-11-04
1294,Orange,5.5,Ut veniam do magna duis et in aliqua magna aliquip ut.,delivered,2026-04-20,2026-01-08
1691,Mango,22.99,Aliquip sed do sed sed aute laboris exercitation irure.,delivered,2026-01-19,2025-11-11
1437,mango,45.0,Amet laboris incididunt consequat ea exercitation dolor do veniam adipiscing dolore.,delivered,2025-07-04,2026-03-30
1048,Banana,22.99,Laboris tempor ex quis adipiscing magna ea sed magna enim aute consectetur.,delivered,2025-11-20,2025-02-06
2384,orange,8.0,Lorem dolor aute labore sit in et aliquip.,packed,2025-11-11,2025-03-09
1743,APPLE,100.0,Irure ut labore elit ut commodo adipiscing aute elit consectetur dolor magna.,delivered,2025-10-15,2025-09-13
2999,orange,45.0,Amet ipsum aute enim enim ex nostrud voluptate et aliqua quis.,delivered,2025-01-21,2026-05-19
2938,APPLE,100.0,Voluptate irure dolor consectetur incididunt dolore adipiscing voluptate commodo laboris.,shipped,2025-10-27,2025-03-27
1726,APPLE,5.5,Exercitation nostrud voluptate et eiusmod minim voluptate irure.,ordered,2026-05-17,2025-11-23
2855,ORANGE,12.5,Eiusmod ut ut aliqua ipsum ex ex ut sit veniam consectetur voluptate exercitation.,ordered,2025-11-06,2026-01-25
1408,Apple,22.99,Ipsum laboris nisi labore commodo duis ea magna labore in ut.,packed,2026-05-16,2025-10-16
1546,orange,5.5,Sit laboris ut ad amet commodo commodo amet sit dolore adipiscing commodo ea.,ordered,2025-01-10,2025-01-14
2508,Mango,8.0,Nostrud reprehenderit reprehenderit ullamco labore laboris exercitation dolor consectetur.,ordered,2025-07-10,2025-04-04
2470,orange,12.5,Commodo eiusmod dolor sit ut minim enim sed voluptate exercitation sed.,shipped,2025-03-04,2026-03-30
1378,apple,12.5,Elit sed adipiscing veniam reprehenderit ut ut sit.,packed,2025-11-26,2025-08-22
1332,mango,error,Magna ullamco do eiusmod labore eiusmod lorem irure nisi incididunt adipiscing dolor.,delivered,2025-12-19,2025-03-03
2269,mango,8.0,Ex ut lorem ex sit nostrud dolor et nisi nisi dolor tempor duis.,delivered,2026-01-02,2026-05-07
1758,Apple,error,Ad veniam ex do elit nisi magna aute ut commodo in magna aute ut.,packed,2025-05-26,2026-01-30
1859,Orange,45.0,Ut voluptate ullamco magna lorem commodo laboris elit nostrud elit amet dolore adipiscing labore.,ordered,2026-05-25,2026-02-06
1324,banana,error,Sed exercitation ad aliqua duis enim laboris et amet.,shipped,2026-05-04,2025-10-24
1289,Banana,5.5,Do ad reprehenderit ullamco labore ut exercitation exercitation nostrud minim labore dolore nisi consectetur.,delivered,2025-03-06,2025-01-19
1915,Mango,22.99,Do labore eiusmod aute ut dolor reprehenderit ea veniam.,shipped,2025-07-19,2025-05-11
2977,Mango,N/A,Nostrud eiusmod consequat ad enim lorem ad amet ex exercitation sit ad nostrud.,shipped,2025-03-10,2026-04-06
1797,Banana,error,Adipiscing duis dolor eiusmod ullamco labore consequat enim adipiscing tempor ut voluptate exercitation.,packed,2025-07-12,2025-05-04
1605,Orange,N/A,Commodo incididunt commodo aliqua consequat lorem tempor adipiscing ipsum laboris ex sit.,delivered,2025-06-01,2026-04-03
2281,mango,45.0,Ut ut in ut sed exercitation incididunt nostrud ut lorem dolor labore.,delivered,2026-01-13,2025-05-26
1645,mango,12.5,Aliqua ut elit exercitation ex ullamco ut ex ipsum minim aliquip ut ad.,ordered,2025-05-24,2025-06-05
1209,apple,45.0,Eiusmod ex reprehenderit labore magna ex ad veniam minim ullamco magna adipiscing consequat.,packed,2026-04-05,2025-06-12
1236,banana,N/A,Dolor nisi ipsum ullamco nisi enim ipsum ex in.,packed,2026-05-28,2025-11-24
1661,mango,22.99,Ad incididunt ipsum ut magna dolor sed ipsum.,packed,2026-05-19,2025-01-08
1715,orange,100.0,Irure elit do veniam dolor ex incididunt veniam ad adipiscing sed exercitation.,shipped,2025-07-20,2025-12-01
2838,banana,22.99,Ullamco ut ut reprehenderit laboris ea sed amet.,delivered,2025-04-20,2025-07-30
1409,APPLE,error,Nisi do nostrud ut ut ullamco do irure duis do ipsum lorem consequat duis.,packed,2026-05-27,2026-02-02
2474,Mango,5.5,Nostrud elit ad quis incididunt voluptate duis eiusmod exercitation irure duis.,ordered,2025-01-12,2025-10-08
2904,Orange,error,Dolore quis adipiscing dolor do sed aliqua aute sit magna lorem.,ordered,2025-05-03,2025-11-06
1290,banana,5.5,Dolor consectetur ullamco in commodo aute in elit amet aliquip ut irure nisi tempor.,ordered,2026-05-07,2025-03-06
2497,ORANGE,N/A,Magna dolore ipsum aliqua enim elit lorem irure.,ordered,2025-10-15,2025-10-16
2472,Apple,N/A,Tempor laboris reprehenderit sed nisi commodo voluptate ipsum quis duis quis ut commodo ut.,ordered,2025-10-21,2026-01-08
1181,APPLE,100.0,Consequat veniam dolore irure aliquip veniam ut ullamco magna quis dolore.,shipped,2025-10-27,2025-06-01
2667,Apple,22.99,Reprehenderit sit eiusmod consectetur dolor ullamco ut veniam nisi irure.,shipped,2025-05-29,2025-12-16
2106,ORANGE,45.0,Commodo consequat magna consequat aute voluptate veniam minim quis eiusmod veniam in aliquip nisi.,shipped,2026-05-16,2025-04-30
1666,Mango,22.99,Laboris dolore quis ex nisi voluptate do ullamco adipiscing nisi ex ut.,ordered,2026-05-23,2025-05-28
2875,orange,error,Ex ut sed ullamco in sed lorem incididunt sed.,ordered,2025-03-10,2025-09-17
1926,orange,22.99,Laboris lorem nostrud labore dolore ut exercitation dolor ullamco nostrud.,delivered,2025-02-02,2026-05-27
1654,Mango,12.5,Ut aute dolore veniam amet nisi exercitation et reprehenderit ad.,ordered,2026-01-25,2025-02-09
2971,Apple,8.0,Eiusmod sit eiusmod consequat ullamco amet dolore labore nostrud enim ut.,delivered,2025-08-10,2026-02-25
1194,Orange,45.0,Aute ea in ut ad ut nisi dolore dolor laboris dolor nostrud.,delivered,2025-06-28,2026-04-08
1600,ORANGE,12.5,Nostrud aliqua nisi reprehenderit sit enim eiusmod dolore ex laboris.,packed,2026-01-21,2025-02-14
1619,ORANGE,N/A,Aute nostrud ad ut commodo in amet elit consectetur voluptate.,ordered,2026-03-25,2026-05-24
1750,mango,12.5,Minim nisi ullamco amet enim tempor veniam aliqua dolor tempor in et magna.,packed,2025-05-21,2025-05-04
1049,ORANGE,8.0,Sed sed laboris veniam veniam enim reprehenderit laboris nostrud amet ipsum sed.,shipped,2025-05-17,2026-02-05
1022,Mango,12.5,Ea amet laboris nostrud lorem aute consectetur dolor aute commodo sed enim.,delivered,2025-08-08,2025-04-12
1353,mango,8.0,Laboris duis adipiscing ex enim voluptate sit elit exercitation.,delivered,2026-01-06,2025-08-19
2695,banana,22.99,Ex ipsum ut dolore sed aliquip dolore ut.,packed,2025-05-11,2026-05-06
2259,apple,22.99,Aute ullamco eiusmod minim ad sit nostrud magna quis ut ea ea ipsum.,shipped,2026-02-07,2025-10-15
1951,Mango,error,Veniam labore ut in ad dolore aute nisi nisi dolor exercitation laboris quis enim.,ordered,2026-05-17,2025-12-17
2091,apple,8.0,Ullamco in aute nostrud do dolor ut eiusmod sed reprehenderit.,packed,2025-12-10,2026-02-26
1570,banana,22.99,Laboris ea irure consectetur ea incididunt nisi et veniam ut commodo nostrud elit.,shipped,2025-09-10,2025-07-30
2224,Mango,45.0,Commodo dolore dolore ut in ut labore eiusmod sit consectetur dolore veniam dolore.,ordered,2025-07-13,2025-09-18
2900,Apple,5.5,Nostrud tempor quis sed dolor aliqua voluptate nostrud enim dolore consectetur elit.,shipped,2025-02-25,2025-02-12
2735,orange,error,Veniam tempor ea dolor nisi sed irure quis.,ordered,2025-04-25,2025-12-12
2278,banana,error,Eiusmod do nostrud ex dolor et eiusmod lorem nostrud ex elit.,delivered,2025-07-28,2025-01-18
2954,ORANGE,8.0,Aliquip voluptate tempor enim amet duis do ut elit elit do amet.,packed,2025-11-12,2026-03-22
2187,APPLE,22.99,Do amet sit ut ut aliquip dolore exercitation dolore veniam tempor.,delivered,2026-03-24,2025-12-17
1659,Orange,5.5,Exercitation duis exercitation dolore ut nostrud ut dolore ea sed ut magna.,packed,2025-10-25,2025-08-25
1777,APPLE,5.5,Nisi quis ullamco dolor ut lorem quis et.,ordered,2026-05-18,2026-03-23
2483,Apple,22.99,Aliqua labore tempor dolor tempor adipiscing do nostrud.,packed,2025-02-07,2026-01-26
1746,Orange,N/A,Ut adipiscing exercitation veniam eiusmod minim eiusmod adipiscing.,packed,2026-03-23,2025-10-13
2783,ORANGE,N/A,Ut minim do sit dolor laboris ea reprehenderit in elit veniam.,delivered,2025-06-21,2025-08-30
1035,Banana,8.0,Ea tempor ea minim ea veniam et elit.,packed,2025-09-09,2025-01-09
1666,ORANGE,error,Commodo ad irure dolore elit enim duis eiusmod exercitation et ea ut.,delivered,2025-06-29,2025-04-23
2461,Banana,45.0,Exercitation ipsum voluptate consectetur incididunt minim ad ex veniam aliquip irure enim ullamco.,shipped,2026-02-19,2025-09-15
2072,mango,45.0,Duis consectetur ipsum sit voluptate duis amet irure dolore incididunt ipsum enim.,ordered,2025-08-09,2026-03-22
2587,ORANGE,5.5,Nostrud ex adipiscing commodo magna adipiscing irure irure eiusmod magna ut et sed consectetur.,ordered,2025-09-09,2025-05-30
2837,orange,error,Dolor ut dolore laboris aliqua nostrud et minim enim in.,delivered,2025-03-11,2025-12-27
1678,Banana,error,Elit voluptate adipiscing ut tempor ipsum do minim ipsum magna commodo ut.,shipped,2025-10-19,2026-01-12
1104,apple,8.0,Ex aliqua minim laboris veniam ex ad voluptate adipiscing consequat labore.,delivered,2025-10-01,2025-05-28
1291,Banana,8.0,Dolore dolore ipsum ut reprehenderit sed quis magna consequat adipiscing veniam eiusmod.,packed,2025-01-01,2025-03-09
1334,Orange,error,Enim dolor enim voluptate dolor ad sit ut irure exercitation voluptate duis reprehenderit.,shipped,2025-12-05,2025-12-01
2078,ORANGE,error,Nostrud irure do lorem enim labore ad ad aliquip magna in incididunt aute amet.,packed,2025-08-17,2025-08-13
2803,Banana,5.5,Dolor nisi ad magna magna quis incididunt eiusmod exercitation.,ordered,2025-11-18,2025-02-28
1892,mango,22.99,Magna voluptate labore et ut enim voluptate dolor magna.,packed,2026-02-20,2026-03-17
2739,Banana,error,Exercitation elit adipiscing labore dolore sit sit commodo lorem.,delivered,2026-05-20,2025-04-05
2913,ORANGE,12.5,Enim ipsum incididunt duis nisi dolor ut laboris.,ordered,2025-02-11,2025-06-19
2828,banana,100.0,Ipsum nostrud voluptate exercitation consequat sed elit dolore.,delivered,2025-04-21,2025-10-01
2215,banana,8.0,Exercitation consectetur ut duis adipiscing ea minim ad do incididunt dolore labore elit enim.,delivered,2026-01-03,2025-11-10
1601,mango,22.99,In commodo duis laboris do ut ut ipsum dolor aute adipiscing voluptate consectetur aliquip.,shipped,2025-12-07,2025-11-24
2186,Banana,5.5,Magna dolor laboris laboris aliquip ut ut irure laboris et dolore.,shipped,2025-03-09,2025-02-20
1064,banana,22.99,Commodo ut reprehenderit ea aute ut consequat ex ut.,shipped,2025-07-08,2025-01-08
2780,ORANGE,error,Amet aute labore ipsum adipiscing minim ad tempor sed elit ipsum.,ordered,2026-01-05,2025-12-18
2638,APPLE,100.0,Lorem enim consequat ad do labore laboris aliquip ad minim.,packed,2026-03-22,2025-02-10
1931,APPLE,error,Voluptate ut incididunt lorem nostrud reprehenderit dolor consequat magna ut irure quis.,shipped,2025-08-17,2026-04-06
1542,banana,12.5,Do irure eiusmod tempor minim ipsum in ut magna aliqua reprehenderit commodo tempor consequat.,delivered,2025-01-17,2026-05-29
2778,banana,12.5,Voluptate do laboris incididunt amet eiusmod voluptate quis labore veniam sed.,delivered,2025-03-23,2025-12-03
2324,Banana,5.5,Amet in aliquip elit incididunt tempor adipiscing aliqua.,packed,2026-01-06,2025-04-10
2566,banana,error,Nisi ullamco sit adipiscing consectetur in reprehenderit dolor ea ex tempor elit.,delivered,2025-12-12,2025-05-05
2024,apple,5.5,Consectetur laboris tempor sit ea et dolore sed in aliquip dolor exercitation.,ordered,2025-03-06,2025-06-16
1298,Mango,45.0,Consequat minim enim dolor ullamco ipsum duis commodo aliqua commodo ea magna.,packed,2025-07-14,2026-05-11
2584,APPLE,8.0,Do laboris dolor ad ea dolore ullamco sed ipsum ut lorem et voluptate.,shipped,2025-12-13,2026-03-02
2535,Orange,100.0,Ut consectetur amet minim ex nostrud enim veniam veniam ex consectetur commodo ea ullamco.,packed,2025-11-16,2026-03-12
1600,Orange,8.0,In laboris voluptate nisi consequat voluptate incididunt duis.,ordered,2026-01-08,2025-03-18
2020,banana,error,Lorem voluptate labore ut aute in nostrud duis et amet tempor.,shipped,2025-11-22,2025-05-07
1374,APPLE,N/A,Commodo do tempor duis veniam veniam duis commodo veniam quis nisi incididunt.,shipped,2025-04-13,2026-02-18
2540,Orange,error,Sit labore aliquip consectetur amet in lorem irure ipsum commodo magna.,ordered,2025-09-28,2025-06-12
2210,apple,N/A,Labore elit dolor ut amet commodo enim aliquip.,packed,2025-06-23,2025-09-02
1835,Orange,error,Commodo ea sed veniam dolor do laboris sed minim labore magna nostrud.,shipped,2025-10-03,2025-09-13
2262,orange,22.99,Ullamco ad voluptate magna sed eiusmod consectetur elit ullamco consectetur.,packed,2025-05-16,2025-02-11
1472,Banana,12.5,Sit dolore reprehenderit tempor amet lorem do amet nisi magna labore ut adipiscing.,ordered,2026-01-13,2025-11-29
1841,mango,error,Laboris duis adipiscing dolore sed laboris in eiusmod ad tempor dolor.,ordered,2026-03-20,2026-04-20
1324,Orange,12.5,Ut incididunt magna aute adipiscing incididunt aliqua lorem ea minim nostrud labore ullamco.,delivered,2025-07-25,2025-10-10
2719,Apple,22.99,Adipiscing do irure lorem eiusmod enim do in ad in.,ordered,2025-10-02,2026-01-15
2069,banana,8.0,Aute minim ut magna dolor reprehenderit amet irure eiusmod eiusmod.,packed,2026-05-24,2025-01-04
1305,Orange,100.0,Nisi veniam quis lorem sed amet ut ex eiusmod commodo nostrud ullamco laboris reprehenderit.,shipped,2025-04-09,2026-01-25
1966,APPLE,N/A,Ut duis et ex minim ad aliqua quis nisi.,ordered,2025-05-21,2025-08-25
1841,Orange,N/A,Magna voluptate sit nisi reprehenderit aliqua consectetur aliquip do amet tempor.,delivered,2025-05-04,2025-10-15
2316,APPLE,5.5,Amet dolor exercitation amet eiusmod nostrud ex in eiusmod.,delivered,2025-10-11,2025-06-21
2346,Orange,5.5,Voluptate commodo irure amet ad do quis lorem nisi in ex veniam elit aliquip.,ordered,2025-10-09,2025-07-17
1352,ORANGE,N/A,Ipsum elit consequat sed incididunt dolor ut exercitation ipsum aliquip aliquip et ex.,shipped,2026-03-19,2025-06-07
2408,orange,45.0,Dolore elit ipsum elit duis aliqua sit adipiscing sit magna aliqua.,packed,2025-09-30,2025-12-04
2815,Apple,45.0,Voluptate minim quis reprehenderit aliqua exercitation commodo incididunt tempor do aliquip ea lorem magna.,delivered,2026-04-22,2025-04-04
2791,APPLE,8.0,Nisi irure do ut in amet enim dolor quis aliquip consectetur minim veniam do.,packed,2025-09-04,2025-02-21
2041,APPLE,8.0,Veniam sit minim amet tempor veniam consequat ipsum ad.,packed,2025-05-24,2025-08-14
2431,orange,45.0,Ut aliqua ullamco sit ex ut nisi voluptate labore ipsum lorem ipsum.,ordered,2025-02-01,2025-03-27
1660,ORANGE,8.0,Nisi enim commodo aliqua irure ullamco dolor ullamco.,ordered,2025-06-03,2025-12-28
1640,mango,8.0,Dolor ullamco ex tempor sit commodo nostrud quis enim ad dolor sit elit ex.,ordered,2025-11-18,2026-01-24
1960,Orange,22.99,Ipsum nostrud lorem tempor eiusmod labore labore et minim minim magna.,ordered,2025-08-30,2026-02-27
1305,banana,N/A,Et dolor ut elit quis aliquip veniam ipsum enim magna.,packed,2026-02-25,2026-04-17
2265,Mango,12.5,Exercitation ullamco in dolor elit dolor tempor dolor consectetur dolore consequat consectetur veniam minim.,ordered,2025-09-25,2025-09-22
2970,ORANGE,5.5,Aute eiusmod sed ut sed ullamco magna eiusmod laboris adipiscing magna.,shipped,2025-06-24,2025-11-11
1834,banana,45.0,Eiusmod aliqua ut et aliquip minim do ut.,shipped,2025-03-26,2026-04-19
2788,Orange,22.99,In ullamco adipiscing in dolore incididunt aute sed ea aliquip.,shipped,2025-12-15,2025-07-11
1601,Banana,12.5,Sit dolore magna incididunt incididunt quis consequat ad dolor ea aliquip et veniam.,packed,2025-10-10,2025-12-06
2485,ORANGE,5.5,Consequat dolor nisi ipsum nisi dolor duis eiusmod dolor sed ex et.,shipped,2025-11-19,2025-05-06
1808,Banana,45.0,Amet amet nostrud minim aliquip ea veniam exercitation sed nostrud ullamco sed do magna.,shipped,2025-08-20,2025-02-10
2807,mango,12.5,Sit sit ex ex ad reprehenderit voluptate amet reprehenderit duis ea ut minim.,ordered,2025-01-11,2025-07-09
1427,Orange,12.5,Amet ea amet consectetur nostrud dolor eiusmod dolore enim ut tempor incididunt.,ordered,2026-03-02,2025-01-04
2806,APPLE,N/A,Et commodo consectetur dolor ut sit consectetur minim ea incididunt veniam.,packed,2025-08-25,2026-02-11
2085,Apple,100.0,Ipsum consectetur voluptate sed consequat adipiscing do nostrud adipiscing eiusmod tempor labore sit eiusmod.,ordered,2025-10-29,2025-05-14
2064,apple,22.99,Ipsum et lorem commodo eiusmod in aliqua reprehenderit aliquip minim amet ex aliqua.,ordered,2025-02-13,2025-07-17
2791,Orange,N/A,Dolore irure sit aute ipsum adipiscing ut ut ex amet.,packed,2025-08-12,2025-09-18
2838,Mango,100.0,Consequat ad elit quis enim duis aliqua quis.,packed,2025-08-04,2025-09-28
1594,Orange,8.0,Ut veniam commodo voluptate ea labore eiusmod aute dolor.,packed,2026-02-22,2025-02-17
1434,Banana,100.0,Aliquip dolor laboris ut nisi exercitation dolor et quis ut commodo incididunt.,packed,2025-01-17,2026-04-09
1522,APPLE,45.0,Ex ut exercitation exercitation ex quis dolore ea incididunt veniam exercitation.,delivered,2025-04-02,2025-10-30
1297,apple,100.0,Dolore in eiusmod labore amet lorem ad ut exercitation reprehenderit sed elit.,packed,2025-04-21,2025-07-09
2718,Banana,error,Adipiscing reprehenderit magna quis in magna ut voluptate enim magna consectetur ex reprehenderit ipsum.,delivered,2025-06-28,2025-08-10
1633,apple,N/A,Exercitation labore laboris dolor ullamco irure minim laboris quis lorem consequat incididunt.,ordered,2025-12-19,2026-02-22
2817,orange,45.0,Quis aliqua ipsum commodo ea magna ex veniam adipiscing laboris amet veniam quis.,shipped,2026-02-21,2025-03-16
2891,Banana,12.5,Enim aliqua laboris nisi adipiscing sed minim quis voluptate ex eiusmod sed.,shipped,2026-02-13,2025-06-02
1492,APPLE,error,Ad exercitation ipsum ipsum reprehenderit enim do lorem duis aliqua dolore irure dolor dolor.,delivered,2026-05-31,2025-07-26
1153,orange,N/A,Exercitation consequat consequat ipsum in dolore dolor ullamco sit ullamco sit aliquip dolor magna.,packed,2025-07-20,2026-03-30
2314,mango,45.0,Aliquip do incididunt lorem ad ut incididunt adipiscing.,delivered,2025-05-24,2026-02-17
2562,mango,45.0,Consectetur lorem commodo ex ad exercitation enim dolore dolor adipiscing ut nostrud.,shipped,2025-01-24,2026-02-11
2918,apple,error,Reprehenderit sed ut sit consectetur in et in.,packed,2025-12-20,2026-02-15
1222,Apple,8.0,Lorem duis irure elit amet nostrud lorem amet ex eiusmod minim.,shipped,2025-05-16,2026-04-24
2015,apple,100.0,Consectetur do sit laboris incididunt tempor dolor reprehenderit aute ut adipiscing.,delivered,2025-10-29,2025-02-14
2992,orange,22.99,Incididunt dolor ut nisi consequat magna minim dolor irure aliquip.,delivered,2025-06-24,2025-07-11
1153,Orange,45.0,Sit ad consequat veniam elit ullamco tempor in aliqua quis labore consequat ea.,delivered,2025-08-28,2026-03-13
2774,Banana,N/A,Duis elit nisi ut ipsum do ex reprehenderit.,ordered,2026-05-20,2026-03-15
1824,orange,5.5,Ut magna in eiusmod magna ea adipiscing commodo et lorem veniam.,ordered,2025-06-25,2025-07-04
1458,Mango,100.0,Adipiscing voluptate nisi laboris lorem labore voluptate in nisi magna adipiscing sit laboris.,packed,2025-03-16,2025-05-23
1670,APPLE,22.99,Ex reprehenderit veniam minim nisi eiusmod exercitation veniam ea aute in.,packed,2025-02-08,2025-12-05
2635,Orange,N/A,Duis aliqua ut ut eiusmod reprehenderit ullamco incididunt exercitation duis exercitation veniam dolor.,ordered,2025-10-18,2025-12-22
1925,apple,5.5,Ex ipsum laboris sit dolor eiusmod veniam ut enim veniam reprehenderit sed in ut.,delivered,2025-03-21,2025-03-07
2473,Apple,5.5,Minim dolore adipiscing exercitation dolor ad ut adipiscing consequat ut quis ad.,ordered,2025-11-22,2025-01-01
1816,ORANGE,N/A,Dolor tempor ipsum irure et voluptate dolore exercitation nisi quis.,ordered,2025-05-08,2025-06-21
1572,apple,45.0,Ex duis tempor elit minim ut dolore adipiscing consequat exercitation elit eiusmod in nisi.,shipped,2026-02-05,2025-08-16
2774,Banana,8.0,Magna tempor nisi dolor sed ex aliquip in elit in.,delivered,2025-06-21,2025-06-25
1826,APPLE,N/A,Nisi labore exercitation nisi amet duis in amet ut et ipsum ullamco minim reprehenderit.,shipped,2025-01-17,2025-11-25
2548,Apple,error,Tempor lorem ut exercitation aute irure consequat sit consequat dolor nostrud elit sed consequat.,shipped,2025-08-30,2025-10-03
2624,Orange,8.0,Et dolore sit incididunt amet consequat sed do elit exercitation do aliqua aliquip in.,ordered,2025-09-01,2026-03-13
1916,Mango,12.5,Reprehenderit tempor duis nisi ullamco amet in commodo.,ordered,2025-12-29,2025-07-01
1935,mango,8.0,Nostrud enim dolor aliquip consectetur enim tempor consectetur duis minim duis labore adipiscing.,packed,2025-12-05,2026-03-15
1852,Orange,100.0,Ea ad commodo ut ut incididunt elit ad labore labore aliquip laboris veniam labore.,delivered,2026-01-08,2025-11-21
2613,APPLE,error,Ad ut exercitation consectetur sit nisi voluptate ipsum in.,ordered,2025-02-10,2025-02-13
1319,banana,100.0,Do ullamco do reprehenderit consectetur aute aute consequat commodo aute dolor lorem labore.,ordered,2025-07-28,2026-03-12
2137,ORANGE,8.0,Ut duis minim dolore nostrud voluptate ad ad duis voluptate.,packed,2026-03-10,2026-04-05
2840,Apple,error,Magna ex consectetur duis voluptate ut dolor incididunt in dolor do commodo ut.,ordered,2025-05-17,2025-07-14
2712,orange,45.0,Exercitation aute ullamco exercitation exercitation dolor aliquip irure minim.,delivered,2025-09-26,2026-05-17
1327,Banana,5.5,Ipsum elit enim minim sit ut ea irure enim ut.,shipped,2025-09-30,2026-05-11
1277,mango,45.0,Quis ipsum adipiscing sit consequat duis aliquip dolore laboris eiusmod amet dolor aute ut.,ordered,2026-04-26,2025-06-29
1129,Apple,N/A,Ut ut do quis nostrud sed duis ipsum elit.,packed,2025-08-08,2026-02-26
2805,ORANGE,8.0,Aliqua labore duis sit ut veniam adipiscing irure ut et reprehenderit ea duis.,packed,2025-11-24,2025-11-12
1546,mango,8.0,Aliquip ut aliquip ad adipiscing dolore eiusmod lorem labore aute quis.,delivered,2025-04-30,2025-07-04
2829,Apple,5.5,Sed elit sit dolor eiusmod irure enim minim.,delivered,2025-04-26,2025-08-08
2004,Mango,45.0,In in minim consectetur ipsum nisi reprehenderit consectetur et aliquip aliquip dolor.,packed,2025-06-27,2025-02-08
2809,Orange,error,Veniam exercitation in irure minim ad quis et do aliquip ut dolore minim elit.,delivered,2025-03-04,2025-02-11
1413,Orange,error,Eiusmod dolore sit quis commodo ut ut labore aute reprehenderit.,ordered,2025-01-24,2025-06-02
2316,APPLE,45.0,Dolor in ex laboris sit sed tempor aute ad dolor consequat dolor quis voluptate.,ordered,2025-08-04,2026-05-27
1190,APPLE,8.0,Magna ullamco aliquip amet adipiscing aute dolor reprehenderit magna.,packed,2025-02-24,2025-04-28
2240,orange,8.0,Dolore amet dolor ipsum exercitation ipsum consectetur labore.,delivered,2025-09-12,2025-07-22
2895,APPLE,N/A,Incididunt sed dolore sed lorem elit ullamco laboris.,shipped,2025-04-17,2025-06-03
2565,banana,45.0,Sit lorem quis dolore minim dolor duis quis.,shipped,2025-05-18,2025-06-03
2221,banana,22.99,Lorem consequat sed duis voluptate et dolore commodo commodo.,ordered,2025-08-08,2025-12-20
1262,APPLE,5.5,Lorem amet reprehenderit consectetur tempor aliqua et labore et ut dolor do ipsum in.,packed,2025-01-27,2025-05-25
1986,Orange,22.99,Et adipiscing do ad dolor nostrud dolor ut.,ordered,2026-03-18,2026-03-13
2765,APPLE,12.5,Do consectetur incididunt ullamco irure labore tempor aute consequat nisi ullamco.,packed,2025-10-20,2025-02-03
1511,Orange,8.0,Exercitation dolor magna ad dolor ullamco et irure.,shipped,2025-03-08,2026-01-15
1906,APPLE,100.0,Incididunt duis in eiusmod duis consectetur commodo ut lorem ipsum.,ordered,2025-05-02,2025-05-06
1079,Banana,12.5,Dolor commodo veniam amet magna ex sit adipiscing minim veniam minim commodo laboris ut.,packed,2025-02-01,2025-04-21
2995,Mango,12.5,Sit ad magna amet dolor ut labore reprehenderit commodo incididunt reprehenderit.,shipped,2026-05-19,2025-11-04
1408,mango,45.0,Ut ipsum quis elit minim minim et aliqua.,delivered,2025-09-17,2026-05-24
1060,Banana,8.0,Lorem sed laboris aute sed magna consequat dolor aliqua eiusmod aliqua dolore.,packed,2025-03-22,2025-12-28
2198,orange,N/A,Consectetur duis lorem dolor tempor magna amet reprehenderit exercitation ipsum dolor consectetur ut enim.,delivered,2025-05-08,2025-09-16
1076,Orange,error,Eiusmod ea veniam consequat quis ut ut nisi quis ut laboris ut.,shipped,2025-06-26,2025-02-13
1523,APPLE,12.5,Nostrud ullamco nostrud ad dolor ea minim ad do dolor ut aliqua consectetur magna.,shipped,2025-04-15,2026-02-25
2859,mango,8.0,Do incididunt dolor enim tempor eiusmod elit ut elit.,shipped,2025-04-27,2026-04-02
2652,Orange,8.0,Consequat tempor aute duis reprehenderit adipiscing do dolor ut irure duis amet magna.,packed,2025-01-29,2025-09-23
1194,apple,8.0,Et ut exercitation minim ad voluptate nostrud irure irure.,ordered,2026-04-01,2025-01-23
2496,apple,error,Ad consequat duis reprehenderit dolor irure ut consectetur ex ut aute et minim.,packed,2026-03-27,2026-01-18
1896,Orange,45.0,Commodo tempor dolor enim enim amet duis duis.,delivered,2025-03-29,2025-11-03
2219,mango,8.0,Ullamco sit adipiscing irure laboris nostrud commodo nostrud aliqua irure adipiscing aliquip dolore in.,delivered,2025-02-21,2025-10-01
1088,APPLE,100.0,Ut tempor ea ea aliqua et ipsum irure ullamco.,packed,2026-05-15,2025-10-18
2380,apple,N/A,Aliquip et ea ut commodo commodo laboris magna incididunt ipsum.,delivered,2025-10-17,2026-01-21
1785,apple,N/A,Tempor exercitation ipsum ut ut dolor lorem quis amet adipiscing voluptate et ex.,delivered,2025-10-09,2025-05-09
1000,apple,N/A,Minim minim ad exercitation aute consectetur tempor enim voluptate ex.,delivered,2025-03-11,2026-03-12
1045,APPLE,8.0,Incididunt do consequat nostrud ex aliquip et ex.,packed,2025-07-29,2026-02-22
1221,Banana,N/A,Ut irure labore voluptate ipsum eiusmod veniam amet labore consequat lorem.,packed,2026-01-04,2025-10-13
2536,banana,5.5,Tempor exercitation aliqua ullamco aute nisi tempor ea magna.,ordered,2026-04-27,2026-05-11
2836,orange,45.0,Tempor veniam ex ullamco veniam reprehenderit aliquip aute ut veniam amet sit tempor.,ordered,2025-08-20,2025-12-01
2274,ORANGE,22.99,Dolore tempor aliqua laboris exercitation dolor ut nostrud nisi veniam ut ad quis.,ordered,2025-12-02,2025-12-15
2204,banana,100.0,Laboris amet exercitation aliquip nisi dolor nisi enim et nisi dolore nisi et sit.,ordered,2026-03-09,2025-03-05
1465,APPLE,22.99,Aliqua eiusmod reprehenderit ullamco amet quis labore nostrud dolore.,ordered,2025-02-20,2025-01-26
2216,APPLE,error,Consectetur minim quis elit incididunt dolore dolore aute ea aliquip veniam aliqua ad dolor.,delivered,2025-09-26,2025-06-15
1029,banana,100.0,Aute ad ut veniam ipsum ut in ea reprehenderit sed ad.,ordered,2026-03-12,2025-05-14
1496,Mango,error,Magna dolore consectetur ullamco ea labore incididunt amet ullamco nostrud labore dolor lorem in.,delivered,2025-06-14,2025-07-11
1242,ORANGE,45.0,Elit ex ut reprehenderit enim laboris ut consectetur ut dolor.,ordered,2025-04-17,2025-03-22
1362,banana,8.0,Dolore reprehenderit ad reprehenderit minim minim dolore dolor.,ordered,2025-04-21,2026-05-01
2205,apple,22.99,Ut voluptate consectetur aute elit nostrud in ut ea lorem commodo.,delivered,2025-05-19,2026-02-23
2623,banana,45.0,Commodo sit aliquip dolor dolor minim do ex enim do labore nostrud dolore.,ordered,2026-04-18,2025-12-25
2994,ORANGE,100.0,In elit consectetur laboris nisi eiusmod ut eiusmod commodo voluptate.,shipped,2025-02-18,2025-02-02
2384,mango,error,Laboris incididunt enim aliquip aute duis sit adipiscing sed in.,delivered,2025-10-20,2026-05-19
2397,APPLE,8.0,Aliqua ea ex eiusmod incididunt ullamco aliquip ad ipsum aute veniam.,delivered,2025-06-23,2025-03-16
2838,Apple,100.0,Lorem veniam commodo dolor ea reprehenderit consequat eiusmod ut sed dolore voluptate voluptate.,shipped,2026-05-31,2025-05-29
1546,APPLE,N/A,Duis aute lorem duis aute ea aliquip minim ut magna.,delivered,2025-10-21,2025-03-10
2725,mango,100.0,Tempor eiusmod laboris et tempor dolor minim consequat aute.,ordered,2026-05-02,2025-08-11
1922,apple,8.0,Ullamco ullamco dolor aliquip ut ullamco consectetur veniam.,shipped,2026-01-31,2026-03-12
2200,apple,45.0,Nisi dolor voluptate ut quis consectetur enim tempor ut consectetur dolore ipsum sit aliquip.,delivered,2025-09-16,2025-06-29
1548,ORANGE,N/A,Veniam do ut minim eiusmod commodo adipiscing amet ullamco veniam ipsum dolor adipiscing aute.,packed,2025-06-26,2025-02-20
2457,APPLE,N/A,Adipiscing ipsum consectetur elit elit lorem dolor minim ut.,delivered,2025-04-28,2025-02-16
2863,Orange,5.5,Dolore lorem sit incididunt dolore commodo incididunt dolor eiusmod veniam dolor ullamco ullamco.,ordered,2025-02-18,2026-05-10
1565,mango,45.0,Ut magna voluptate ut nisi amet lorem aliquip voluptate.,delivered,2026-02-18,2025-07-06
1007,Mango,error,In nostrud aliqua sit lorem nisi aliqua reprehenderit laboris aliqua.,ordered,2025-03-17,2025-01-14
2853,mango,100.0,Aute ut ut irure in voluptate lorem ut ut magna.,shipped,2026-04-26,2025-02-12
2070,APPLE,12.5,Ea ex aliqua veniam incididunt adipiscing minim quis exercitation adipiscing.,delivered,2025-01-16,2025-08-28
2105,mango,8.0,Minim nisi ullamco ea sit ipsum commodo aliqua et duis quis.,delivered,2025-01-24,2025-08-31
1259,Orange,8.0,Aliqua ut voluptate ut reprehenderit minim quis aute dolore.,shipped,2025-03-22,2025-01-06
2558,APPLE,100.0,In ea et ad reprehenderit consectetur enim incididunt sit.,packed,2026-05-15,2025-10-31
1788,APPLE,45.0,Sit veniam commodo ullamco adipiscing sit ut magna consectetur tempor adipiscing nostrud enim minim.,ordered,2026-04-06,2025-02-24
2661,banana,100.0,Dolor amet veniam nisi dolore consequat ipsum aliqua ad lorem.,packed,2025-05-10,2026-01-11
2017,Orange,12.5,Dolor ullamco do ut labore tempor dolor elit consequat tempor aute voluptate ad.,shipped,2025-10-14,2025-01-06
1119,orange,5.5,Laboris dolor minim adipiscing tempor ut sit voluptate sit in veniam in.,shipped,2025-01-07,2026-05-09
1134,Orange,100.0,Ullamco ex dolor amet et lorem elit ut commodo voluptate laboris ut.,delivered,2025-03-24,2025-02-14
2523,Mango,N/A,Aute aliqua consequat consectetur ipsum ut commodo nostrud nisi lorem enim irure consequat laboris.,shipped,2025-12-02,2025-10-28
1464,ORANGE,5.5,Nostrud quis aute magna consectetur tempor reprehenderit ex magna aliquip reprehenderit.,packed,2026-05-01,2025-07-27
2648,banana,8.0,Irure aliquip sit tempor ipsum et quis exercitation do.,packed,2025-03-12,2026-04-25
2827,banana,N/A,Ea et tempor ex consequat labore dolor aliqua dolor aute voluptate aliqua ex ut.,packed,2025-09-15,2025-11-03
2906,apple,N/A,Ut elit commodo dolore voluptate dolor reprehenderit incididunt dolor veniam labore dolor.,delivered,2025-10-11,2025-02-21
1805,Mango,5.5,Labore sit reprehenderit adipiscing quis aliquip lorem ipsum in irure ut ipsum.,shipped,2025-01-29,2025-04-15
2821,Banana,8.0,Voluptate ut ad dolore nostrud nisi adipiscing commodo.,delivered,2026-02-03,2025-02-25
2406,ORANGE,45.0,Ipsum ut et eiusmod consequat in ut sit elit lorem sit consectetur aliqua.,shipped,2026-01-01,2025-03-02
1021,ORANGE,22.99,Commodo dolor sit amet do ut elit aute reprehenderit laboris nisi tempor ullamco exercitation.,ordered,2026-03-25,2025-10-17
1089,Apple,8.0,Ut sed consectetur nostrud dolor et aliquip laboris ullamco dolor laboris consequat dolor voluptate.,shipped,2025-08-10,2025-11-08
2582,Orange,N/A,Irure consectetur tempor consectetur ipsum do ipsum exercitation reprehenderit incididunt sit incididunt exercitation.,ordered,2025-08-15,2025-12-11
2803,APPLE,45.0,Et ex eiusmod dolore quis adipiscing et sit dolor reprehenderit quis quis.,ordered,2026-02-12,2026-03-15
2931,apple,12.5,Veniam ut enim ipsum nisi eiusmod enim tempor.,packed,2025-08-12,2025-07-18
2167,banana,error,Ut voluptate aute lorem dolore ut ex duis labore lorem adipiscing labore.,ordered,2025-03-16,2026-05-21
1435,mango,100.0,Consectetur dolore incididunt ut eiusmod nostrud exercitation laboris quis ea.,packed,2025-08-15,2025-11-12
1677,orange,8.0,Aliquip ipsum ipsum irure aliqua nisi et lorem.,delivered,2025-09-17,2025-09-06
1028,ORANGE,8.0,Dolore ut commodo exercitation lorem irure labore reprehenderit.,delivered,2025-12-09,2026-04-07
1662,APPLE,45.0,Elit aliquip ea ut dolore do duis aliqua.,packed,2025-01-09,2025-05-25
1937,Mango,100.0,Sed tempor voluptate irure nisi consectetur dolor amet commodo duis do ex.,ordered,2025-07-05,2025-07-13
1883,ORANGE,8.0,Commodo aliquip elit et dolor ea minim dolor aliquip nisi quis aliqua ea.,delivered,2025-08-05,2026-01-16
1680,apple,8.0,Nostrud ut ex nisi enim ut amet veniam ipsum dolor voluptate labore eiusmod.,packed,2025-03-10,2026-01-20
2246,ORANGE,5.5,Commodo tempor reprehenderit ut dolor amet minim elit ex.,packed,2025-01-02,2025-02-25
1363,apple,N/A,Incididunt consectetur dolor voluptate consectetur in dolor sit tempor voluptate laboris aliquip.,ordered,2025-03-09,2026-03-08
2994,Mango,N/A,Lorem consectetur exercitation lorem ipsum sed dolor in nisi do consectetur ut ad.,packed,2025-04-16,2025-09-07
1763,Banana,12.5,Ex ad magna irure magna magna lorem voluptate dolor ut nostrud in aliqua ut.,delivered,2025-04-09,2025-08-18
1270,orange,12.5,Adipiscing nostrud magna aute nisi aliquip enim dolore exercitation aute adipiscing ex minim.,ordered,2025-01-30,2025-09-27
1507,apple,error,Exercitation dolore adipiscing sit aute in aliqua lorem.,ordered,2026-01-11,2026-02-20
2141,Mango,22.99,Reprehenderit dolore reprehenderit aute ipsum eiusmod dolore adipiscing quis commodo et dolor quis ea.,shipped,2025-11-04,2025-02-07
1903,mango,22.99,Nisi exercitation sed do magna lorem ullamco dolore ut.,packed,2025-06-22,2026-01-30
1275,mango,8.0,Incididunt adipiscing do magna consectetur consequat labore laboris.,shipped,2025-09-30,2025-06-04
1207,apple,12.5,Aliquip in nostrud nisi amet exercitation magna ullamco aliquip dolor ut laboris.,delivered,2025-09-27,2025-08-14
1411,apple,100.0,Eiusmod consectetur reprehenderit voluptate in reprehenderit sed et dolor minim do tempor sed consequat.,packed,2025-03-21,2025-03-22
2446,Mango,5.5,Ipsum voluptate tempor aute ea dolore nisi nisi ad commodo magna.,shipped,2025-12-10,2025-07-24
1738,Banana,22.99,Quis voluptate tempor dolore aliquip ea dolore commodo aliqua irure.,packed,2025-03-22,2025-07-01
1702,banana,100.0,Veniam dolor quis dolor in dolor ut sit.,shipped,2025-07-09,2026-02-13
2220,ORANGE,100.0,In quis magna duis elit duis eiusmod ut voluptate consectetur et ut voluptate tempor.,delivered,2025-05-06,2025-10-20
1107,banana,N/A,Commodo adipiscing magna consectetur ea irure do commodo ut.,delivered,2025-08-14,2026-04-14
1462,orange,12.5,Minim nisi consectetur in consequat dolor adipiscing consectetur.,shipped,2026-04-03,2025-04-05
2876,apple,error,Adipiscing et reprehenderit incididunt irure aliqua irure commodo tempor duis.,delivered,2025-02-19,2025-04-26
2018,Banana,45.0,Ullamco consequat ipsum minim commodo aute consequat do ut ut quis magna ut sed.,delivered,2025-01-04,2025-04-25
1570,Orange,12.5,Ullamco et adipiscing aliqua veniam ipsum in ut minim voluptate ipsum dolor enim nisi.,packed,2025-03-09,2025-11-13
1381,Mango,5.5,Duis sed aliqua nostrud do quis commodo ea do magna commodo nisi ad.,packed,2025-02-05,2025-07-23
1249,Banana,22.99,Labore ut minim dolore irure ipsum ullamco quis ullamco enim eiusmod consectetur.,shipped,2025-12-27,2025-08-07
2862,Banana,45.0,Adipiscing nisi consequat do exercitation irure nostrud elit incididunt.,delivered,2025-08-16,2025-12-29
1461,ORANGE,N/A,Aliqua ad reprehenderit enim sit dolor reprehenderit ipsum sed exercitation ea.,ordered,2025-06-12,2025-07-24
1780,Orange,8.0,Ad adipiscing amet ullamco in voluptate do reprehenderit.,packed,2025-04-02,2026-05-20
2364,mango,error,Duis ea enim ut ex consectetur do reprehenderit do nisi adipiscing in.,ordered,2025-04-19,2025-10-27
1519,ORANGE,100.0,Voluptate duis quis ut laboris nisi duis elit reprehenderit magna dolore consequat.,shipped,2025-08-05,2026-01-16
2343,Orange,22.99,Consequat ullamco aliquip aute eiusmod duis amet dolor magna.,delivered,2025-10-10,2025-04-18
2695,Banana,12.5,Laboris do quis ut consectetur quis adipiscing irure sit ea elit.,ordered,2025-10-21,2026-02-13
1469,APPLE,5.5,Et dolor aliquip commodo ipsum ut quis commodo in laboris et aliqua ut.,ordered,2025-03-21,2025-12-17
1675,mango,error,Quis laboris quis dolore voluptate nostrud ut ad.,packed,2025-03-03,2026-05-04
2645,Orange,45.0,Eiusmod aliqua adipiscing lorem exercitation laboris amet aliquip.,ordered,2025-06-03,2025-11-11
1150,Banana,N/A,Ut irure exercitation ut quis ut ipsum reprehenderit enim sit aliqua irure do commodo.,packed,2025-05-16,2026-03-25
2335,mango,12.5,Reprehenderit nisi reprehenderit minim enim veniam et duis in in nisi.,shipped,2025-07-27,2025-04-29
2234,orange,22.99,Ut ipsum minim aliquip quis labore eiusmod adipiscing adipiscing nostrud.,shipped,2025-01-25,2025-12-24
1995,mango,error,Quis ut dolor enim ut lorem aliqua quis magna ut.,delivered,2026-05-24,2026-02-15
1609,APPLE,5.5,Ut ut in aliqua sed irure aliqua voluptate tempor labore lorem eiusmod.,shipped,2025-08-14,2026-04-27
1407,Orange,22.99,Quis exercitation reprehenderit aliqua amet ullamco ullamco consectetur nisi do.,packed,2025-02-20,2026-01-15
2215,Apple,12.5,Et amet minim ut nisi aliqua eiusmod sit ut.,shipped,2025-12-10,2026-02-07
1714,banana,22.99,Aliqua incididunt labore tempor irure dolor ex ut tempor sit irure exercitation magna.,packed,2025-09-06,2025-09-22
1564,APPLE,5.5,Do aute aute tempor minim nisi laboris quis adipiscing dolor.,shipped,2026-05-28,2026-03-07
1262,APPLE,5.5,In voluptate laboris minim ea minim duis tempor eiusmod amet lorem irure quis.,packed,2025-03-04,2025-06-27
1235,Apple,12.5,Labore irure minim sed ullamco ea et enim nostrud duis consectetur.,packed,2025-01-11,2025-02-13
1618,banana,22.99,Ut dolor adipiscing exercitation quis consequat adipiscing aliquip et consectetur amet aliquip ut duis.,shipped,2026-02-06,2025-07-14
1677,APPLE,100.0,Nisi enim lorem in reprehenderit sit quis do dolor ut veniam sed nisi.,delivered,2026-02-02,2025-08-15
1173,orange,N/A,Veniam dolor sed irure sed magna in aliquip ipsum eiusmod ut incididunt.,shipped,2026-02-21,2025-08-01
2343,orange,12.5,Do ut quis ad nisi commodo magna consequat consequat ipsum.,shipped,2025-05-25,2025-10-15
1781,APPLE,12.5,Irure laboris ullamco reprehenderit aliqua incididunt enim sed ipsum.,packed,2025-11-23,2025-03-01
1317,Banana,100.0,Elit consequat exercitation incididunt dolore elit ex aliquip.,packed,2025-07-23,2025-07-25
1273,apple,45.0,Commodo lorem lorem labore quis amet sed lorem lorem sed magna aliqua.,ordered,2026-03-15,2026-04-13
1747,Orange,5.5,Aliqua ea exercitation labore commodo eiusmod ex elit ullamco do sit irure dolor aliquip.,shipped,2026-05-15,2025-06-24
1481,Orange,N/A,Ut in consectetur consectetur incididunt dolor reprehenderit nostrud aliquip voluptate.,ordered,2025-04-04,2026-04-11
2469,ORANGE,45.0,Commodo incididunt aute dolor consequat aliquip dolor tempor aute ut ea amet dolor.,delivered,2025-11-25,2025-09-24
1847,orange,45.0,Dolor et veniam veniam dolor adipiscing nisi ullamco labore aute.,ordered,2025-07-04,2025-06-09
1648,APPLE,12.5,Reprehenderit ea labore dolore minim ut dolor aliquip adipiscing eiusmod eiusmod sed quis in.,packed,2025-04-13,2025-05-14
1173,orange,12.5,Minim reprehenderit ipsum nisi voluptate veniam commodo aliquip.,ordered,2025-03-17,2026-04-11
2751,Orange,5.5,Nisi commodo in nostrud et nostrud exercitation eiusmod et nostrud.,ordered,2026-05-21,2025-04-15
1353,ORANGE,45.0,In ex eiusmod veniam elit lorem duis adipiscing amet elit nisi.,shipped,2026-01-27,2025-07-16
2861,Banana,12.5,Veniam sed reprehenderit incididunt ut irure lorem ad minim ad quis labore tempor.,ordered,2025-06-20,2025-01-11
2761,Mango,22.99,Ad et exercitation aute sed nisi ad exercitation irure magna ullamco sed in nostrud.,shipped,2026-03-01,2025-08-27
1548,ORANGE,5.5,Enim commodo adipiscing et adipiscing magna irure et sit commodo consectetur.,shipped,2025-06-11,2025-06-04
2213,banana,8.0,Ut aute dolor magna ipsum nostrud ut laboris.,delivered,2025-08-27,2026-03-23
1500,Apple,45.0,Magna consequat aliquip laboris reprehenderit ipsum dolore labore tempor minim ullamco veniam amet.,packed,2025-04-20,2025-08-17
2340,apple,12.5,Tempor minim duis ut adipiscing consequat sit duis.,ordered,2025-06-27,2025-03-20
1762,banana,8.0,Dolore adipiscing aliqua magna ad magna irure amet nostrud minim tempor veniam dolore.,shipped,2025-05-17,2025-01-01
1087,mango,45.0,Dolor dolor ad ullamco enim consequat minim ea reprehenderit ullamco incididunt aute.,shipped,2025-05-02,2026-03-22
2483,ORANGE,N/A,Laboris amet adipiscing dolor commodo elit sed lorem nisi ipsum.,packed,2025-09-17,2025-08-11
2629,orange,error,Enim ad aute ea ut amet enim exercitation adipiscing ex nostrud nostrud exercitation.,ordered,2025-06-14,2025-07-23
1227,apple,12.5,Do aliqua magna aliquip ex ut dolor labore.,packed,2025-06-15,2025-12-11
1396,apple,22.99,Aute lorem ullamco labore elit eiusmod minim eiusmod ut.,shipped,2025-06-15,2026-03-04
2725,APPLE,45.0,Ea ex dolor ut minim aliqua consequat ex in duis elit veniam irure.,delivered,2025-07-28,2025-08-08
2668,Apple,22.99,Sit labore amet ullamco veniam commodo consequat magna magna amet aliqua ut ea.,ordered,2025-03-18,2025-07-14
1317,apple,45.0,Irure ut adipiscing laboris duis aliquip do irure ut.,ordered,2026-05-04,2025-11-30
2450,Orange,22.99,Ad amet ipsum ex aliquip consequat elit ullamco in minim duis.,shipped,2025-09-11,2025-03-18
2272,ORANGE,5.5,Ut magna ut ad amet reprehenderit aliqua duis ullamco veniam incididunt laboris.,packed,2025-01-18,2025-06-04
2436,mango,22.99,Nisi consequat minim ex exercitation et consequat consectetur ut ut.,packed,2025-12-18,2025-11-30
1457,APPLE,error,Aliqua ullamco ex aliquip irure quis exercitation ut exercitation adipiscing exercitation aliqua voluptate.,shipped,2025-03-06,2026-03-25
2175,APPLE,22.99,Lorem lorem ea ut nisi ad quis nisi duis incididunt tempor.,packed,2026-06-01,2025-11-06
1230,mango,5.5,Incididunt ut in labore magna nostrud commodo amet dolore.,ordered,2025-09-29,2025-10-24
1647,Orange,45.0,Ullamco commodo aute labore elit consequat voluptate elit adipiscing ut magna incididunt nostrud.,ordered,2025-01-19,2025-07-03
1554,apple,error,Minim ea lorem aute quis sed laboris ipsum enim laboris.,packed,2026-05-01,2025-09-26
2706,orange,100.0,Voluptate eiusmod adipiscing reprehenderit ea dolor dolor do nisi ut ex.,delivered,2025-04-15,2025-12-31
2321,Banana,12.5,Dolore amet tempor quis consequat voluptate laboris irure incididunt ut.,ordered,2026-05-30,2026-05-07
2871,Orange,8.0,Enim magna ullamco ipsum amet ex aliqua irure consectetur do dolor ut.,shipped,2025-05-15,2025-02-14
1805,Apple,error,Labore aliqua irure magna dolor elit in dolore ea consectetur ut labore nostrud.,delivered,2025-05-21,2025-11-19
2909,mango,45.0,In elit exercitation labore do ullamco laboris aliqua ipsum.,delivered,2025-11-11,2026-05-07
2844,mango,error,Incididunt ea dolore do aliqua elit duis consequat minim ut ad sit.,packed,2025-10-22,2025-12-08
2492,Mango,N/A,Elit consequat irure dolor aliquip dolore laboris in.,ordered,2026-04-29,2025-08-31
2890,ORANGE,5.5,Adipiscing ea veniam veniam eiusmod labore ut nisi veniam elit nostrud.,shipped,2025-06-24,2025-12-21
1286,Mango,8.0,Amet ad ad exercitation ut dolor dolor minim ullamco et nostrud.,shipped,2026-04-04,2026-04-11
1629,banana,5.5,Ex ullamco et adipiscing aliqua minim aliquip aliquip amet.,delivered,2025-05-02,2025-12-31
2189,banana,5.5,Tempor duis nostrud ipsum do ad ipsum sed minim.,delivered,2025-03-27,2025-03-12
2409,Banana,N/A,Ullamco dolor voluptate aliqua ipsum enim veniam elit dolor dolor commodo enim enim lorem.,delivered,2025-07-08,2025-11-20
2401,orange,100.0,Consectetur nisi magna consequat do labore do commodo ea.,ordered,2025-04-14,2025-04-20
1729,mango,5.5,Incididunt aute ad aliquip ut dolore adipiscing commodo nostrud.,ordered,2025-11-14,2025-08-18
1429,mango,45.0,Nostrud tempor dolore commodo tempor irure dolor nostrud nostrud ipsum ipsum dolor.,shipped,2026-05-07,2025-08-22
2182,Orange,N/A,In ut elit ut veniam magna minim irure elit incididunt tempor in ea incididunt.,delivered,2026-01-15,2026-03-25
1349,apple,100.0,Ea ad ullamco quis ex consectetur minim amet nostrud elit sit ex ut veniam.,ordered,2025-05-21,2025-11-03
2083,apple,N/A,Exercitation duis irure ut dolor ex minim dolor tempor labore amet tempor dolor.,delivered,2026-05-24,2025-06-13
2071,mango,8.0,Elit do ipsum minim labore aliqua veniam ea.,packed,2026-05-19,2025-03-23
1563,Mango,12.5,Lorem commodo laboris aute duis quis duis consequat ut quis et adipiscing aute dolor.,packed,2025-08-15,2026-01-18
1183,Mango,12.5,Aliquip reprehenderit lorem consequat ut consectetur dolore ex consectetur quis ea sit eiusmod duis.,packed,2026-05-01,2025-11-11
1275,Mango,100.0,Eiusmod aliqua quis nisi labore veniam amet ad.,ordered,2025-02-13,2025-10-18
1671,Orange,45.0,Do ut magna irure in commodo minim sed ex adipiscing.,delivered,2025-03-22,2025-08-11
2413,Mango,22.99,Eiusmod et commodo dolor lorem labore ut aute ex reprehenderit sit ullamco.,shipped,2026-04-07,2025-09-10
1176,Mango,22.99,Dolore nostrud quis et ea amet dolore eiusmod reprehenderit exercitation laboris duis dolor enim.,packed,2026-04-13,2025-01-29
2751,ORANGE,22.99,Ullamco magna labore eiusmod elit sit commodo tempor consequat nisi sit irure exercitation nisi.,shipped,2025-07-29,2025-12-09
2096,banana,22.99,Tempor reprehenderit reprehenderit ipsum laboris veniam consectetur voluptate lorem adipiscing aliqua aliqua in ad.,ordered,2025-09-27,2025-09-23
2385,banana,5.5,Minim quis nostrud commodo dolor quis quis ipsum.,delivered,2026-02-16,2025-09-24
2423,APPLE,12.5,Elit ad ex tempor exercitation ut tempor ut reprehenderit amet ut consequat.,shipped,2026-04-10,2025-05-20
2732,Apple,8.0,Tempor sed ullamco aliqua veniam quis consectetur amet dolore consequat tempor.,ordered,2025-07-27,2025-11-09
2939,Banana,8.0,Ad veniam ut ex reprehenderit do eiusmod magna ex ut consequat amet.,ordered,2025-01-13,2025-04-26
2929,Mango,N/A,Consequat aute reprehenderit sed consectetur consectetur tempor elit ipsum tempor laboris elit.,packed,2025-03-29,2025-02-05
2483,Mango,5.5,Consectetur tempor incididunt lorem ut ad nostrud ut amet do tempor.,packed,2025-03-19,2025-03-02
2272,Apple,error,Reprehenderit dolor adipiscing tempor in ipsum aliquip veniam.,packed,2026-02-04,2025-09-19
2772,APPLE,22.99,Elit dolore voluptate duis commodo elit lorem consequat nisi.,packed,2025-06-26,2026-03-06
1204,orange,12.5,Sed dolore aliqua nisi do enim adipiscing magna.,packed,2025-02-27,2025-06-05
2595,Orange,12.5,Labore commodo dolore commodo aliquip sit et magna veniam ipsum labore enim.,shipped,2025-01-31,2025-03-03
1196,Apple,N/A,Labore commodo reprehenderit ipsum ut exercitation sit ex ipsum.,delivered,2025-06-25,2025-06-14
1191,orange,N/A,Commodo quis aliquip enim sit dolore adipiscing consectetur commodo eiusmod aute ut.,shipped,2026-02-22,2025-04-25
2015,orange,45.0,Commodo reprehenderit enim lorem tempor eiusmod dolor voluptate consequat ex incididunt ea.,packed,2025-07-08,2026-01-05
1295,orange,22.99,Adipiscing elit dolor tempor sit reprehenderit dolor laboris.,ordered,2025-10-06,2025-11-09
2519,Apple,5.5,Dolore lorem laboris aliqua exercitation ut do consectetur magna.,delivered,2025-11-04,2025-01-25
2987,ORANGE,error,Consequat et veniam amet ipsum amet quis amet reprehenderit veniam.,ordered,2025-06-24,2026-03-17
2106,mango,error,Exercitation veniam magna enim aliqua aute voluptate nisi consectetur ut voluptate dolor ad.,shipped,2025-11-16,2026-04-13
1530,Orange,N/A,Consequat veniam sit quis quis ad exercitation quis sit incididunt dolor.,packed,2026-02-07,2025-05-11
2707,Banana,100.0,Tempor tempor aliqua ut in ad consectetur quis minim.,shipped,2025-10-08,2026-03-19
1383,ORANGE,12.5,Dolor elit aliquip ad in adipiscing lorem irure lorem.,packed,2025-08-12,2025-01-03
1124,Orange,12.5,Minim eiusmod incididunt ut magna eiusmod amet lorem minim quis ea voluptate.,ordered,2025-09-16,2025-05-02
1831,Orange,12.5,Reprehenderit duis dolore ex exercitation consequat consectetur ad in aliquip nostrud minim.,delivered,2025-02-15,2026-02-02
1018,apple,100.0,Veniam duis sit duis dolor aliqua voluptate dolore ipsum lorem.,shipped,2025-08-13,2025-09-13
1889,orange,8.0,Consequat in sit amet aute ut laboris veniam et tempor ad ex reprehenderit.,shipped,2025-06-03,2025-01-19
1387,banana,12.5,Et ut eiusmod magna ipsum ut in exercitation.,shipped,2025-10-18,2025-10-07
2767,mango,22.99,Adipiscing dolor dolor consectetur aute aliquip commodo ut veniam sit ad.,packed,2025-08-16,2026-04-03
2221,banana,12.5,Reprehenderit dolore ipsum labore irure ad nisi irure enim.,shipped,2025-07-17,2026-02-26
1638,ORANGE,N/A,Voluptate lorem incididunt adipiscing amet ea in veniam labore veniam.,delivered,2025-03-13,2025-06-30
2610,Mango,100.0,Lorem laboris irure amet ipsum ut elit dolor aliqua ipsum sit quis.,packed,2026-04-15,2025-03-30
1060,orange,45.0,Voluptate consectetur aliquip dolor aliqua et consectetur laboris tempor.,shipped,2025-01-12,2026-05-25
2506,mango,22.99,Ut reprehenderit ea aliquip reprehenderit tempor dolore ipsum aute laboris irure voluptate aliqua do.,shipped,2026-01-28,2025-01-26
1219,APPLE,8.0,Eiusmod et ut commodo voluptate reprehenderit ut duis tempor et.,delivered,2025-03-27,2026-05-18
1839,apple,45.0,In ex ex consectetur ut in dolore voluptate ad.,delivered,2026-02-01,2025-12-26
2908,mango,45.0,Consectetur voluptate reprehenderit exercitation ut voluptate duis ut duis tempor exercitation enim consequat laboris.,ordered,2025-08-01,2026-01-06
1030,Orange,22.99,Commodo ut quis voluptate reprehenderit consectetur ut tempor.,packed,2025-11-11,2025-02-24
1629,mango,22.99,Adipiscing amet sit ea aliqua eiusmod aliquip et et quis elit reprehenderit.,shipped,2025-10-17,2025-04-01
2569,orange,8.0,Ut ad sed veniam minim ut lorem laboris eiusmod do nisi ea ad.,packed,2025-03-08,2025-10-11
2201,mango,12.5,Magna aute lorem duis consequat voluptate elit adipiscing aute ut laboris.,shipped,2025-03-26,2025-07-10
1506,Orange,8.0,Magna ut aliquip minim lorem in ad amet aliquip aute dolore voluptate sed.,ordered,2025-07-26,2025-04-18
2217,Apple,12.5,Sit tempor in do dolor enim consectetur amet.,delivered,2025-04-12,2026-04-23
2560,apple,22.99,Ea amet ullamco dolore dolor ex in nisi.,ordered,2025-09-22,2025-04-11
2191,banana,5.5,Minim aute dolor ullamco sit reprehenderit labore labore elit consectetur enim elit minim aute.,delivered,2025-01-04,2026-04-28
1281,Apple,12.5,Do amet magna aliqua veniam minim ea enim consequat consectetur sed nostrud ex.,delivered,2025-09-15,2026-05-08
2004,orange,N/A,Labore do ut aliqua aute irure lorem commodo veniam laboris ut.,shipped,2025-12-27,2026-04-22
2775,apple,12.5,Elit tempor aute sed ea do dolore sed.,ordered,2026-02-05,2025-02-08
2616,mango,22.99,Et ut magna enim dolore ut nisi dolor exercitation consectetur quis voluptate.,shipped,2025-05-26,2025-04-02
1659,Orange,8.0,Magna incididunt adipiscing sit enim lorem sed ipsum in commodo minim tempor ea incididunt.,packed,2025-04-26,2025-08-16
2183,ORANGE,error,Duis ad do lorem dolor aliquip nostrud commodo consequat ut do adipiscing.,shipped,2025-03-14,2026-01-22
1975,Mango,22.99,Incididunt ut eiusmod laboris in aute eiusmod veniam amet labore consequat aute tempor.,delivered,2026-03-07,2025-09-23
2574,ORANGE,5.5,Consequat nostrud aliqua reprehenderit ut eiusmod labore ex dolor amet veniam sit.,delivered,2026-05-20,2025-12-04
2653,orange,45.0,Nostrud ex ad amet et adipiscing duis ullamco ex.,delivered,2025-06-14,2025-08-21
2503,mango,12.5,Incididunt incididunt ex duis et incididunt ea enim ipsum.,ordered,2026-03-29,2025-04-15
1055,Apple,N/A,Consequat ut et commodo ex enim voluptate ex.,delivered,2025-03-04,2025-08-10
1200,Apple,100.0,Voluptate minim ea irure incididunt sit incididunt duis ut laboris.,delivered,2025-02-21,2025-06-15
2152,ORANGE,100.0,Ea dolore minim voluptate irure elit minim incididunt ipsum magna.,shipped,2025-05-20,2025-01-11
1912,mango,N/A,Enim dolor consequat sed labore aliquip reprehenderit magna magna.,packed,2026-01-02,2025-05-09
1446,apple,22.99,Ad enim dolor irure nisi commodo minim in voluptate nostrud eiusmod dolor labore.,shipped,2025-08-29,2025-09-23
1012,Mango,12.5,Minim consequat ea enim quis aliquip reprehenderit labore duis aliqua tempor lorem sed.,shipped,2026-02-26,2026-04-07
1118,Apple,5.5,Ut labore adipiscing duis nostrud aute eiusmod ea tempor duis enim.,delivered,2025-05-14,2026-04-12
2492,Banana,45.0,Ut elit ullamco enim amet sit ut et.,delivered,2026-03-13,2025-05-04
2983,Apple,8.0,Elit ea adipiscing aute et incididunt consequat magna veniam ipsum elit.,ordered,2026-03-12,2025-01-09
1424,APPLE,45.0,Ipsum elit magna reprehenderit quis veniam amet voluptate tempor.,delivered,2025-10-03,2026-05-23
2697,orange,12.5,Veniam aute ut aute ex dolor commodo sit dolor ut ea.,shipped,2025-01-12,2025-02-03
1596,APPLE,N/A,Elit consequat elit dolor dolore do amet commodo adipiscing.,shipped,2026-03-31,2026-03-20
1494,apple,12.5,Do quis aliquip ex ut dolor aute exercitation exercitation voluptate ut ut.,packed,2025-08-19,2025-05-11
1946,ORANGE,5.5,Veniam sit irure consectetur dolore labore dolor reprehenderit quis.,delivered,2025-03-02,2025-05-09
2700,mango,22.99,Dolore labore elit aute veniam ut voluptate nostrud tempor ex nostrud.,ordered,2026-04-09,2025-01-01
2035,apple,22.99,Consequat aliqua ad et magna aute elit veniam laboris dolor.,packed,2025-02-17,2025-06-19
1381,orange,100.0,Consequat incididunt commodo exercitation incididunt veniam dolor nostrud elit adipiscing reprehenderit eiusmod elit reprehenderit.,packed,2026-01-02,2025-03-10
1083,ORANGE,100.0,Commodo labore reprehenderit amet irure do labore labore ut irure do magna ad.,shipped,2025-08-02,2025-07-18
2546,Banana,N/A,Incididunt eiusmod dolor nostrud consectetur commodo ipsum quis aliquip.,packed,2025-05-06,2025-05-10
2703,banana,error,Adipiscing quis ut labore nostrud ut aute nostrud.,packed,2025-02-27,2025-05-01
1292,Banana,5.5,Sed enim ut et adipiscing irure dolore nostrud aute ullamco quis.,delivered,2025-12-17,2025-04-11
2200,ORANGE,45.0,Ut ut amet dolore aliquip consectetur aliqua in enim adipiscing duis.,delivered,2025-09-15,2026-01-28
1210,ORANGE,12.5,Aliqua ut ex ipsum quis adipiscing aliquip minim tempor aute tempor sed.,ordered,2025-03-06,2025-12-29
2415,Banana,100.0,Lorem amet do ea amet ullamco incididunt laboris dolor duis.,delivered,2026-04-18,2025-05-24
1534,Apple,45.0,Nisi eiusmod consectetur reprehenderit ad eiusmod consequat ullamco nisi ut.,ordered,2025-07-04,2025-01-08
1619,apple,5.5,Ipsum ad dolore quis reprehenderit aute ex nostrud voluptate aliqua amet.,ordered,2025-06-19,2025-12-15
1956,apple,error,Tempor aute labore ad ea aliquip minim consequat veniam reprehenderit ut.,delivered,2026-05-05,2025-05-19
1828,ORANGE,12.5,Ad magna consectetur nostrud elit ut do ea aute aliquip sit nostrud elit.,packed,2025-06-26,2025-07-07
2780,Mango,12.5,Amet elit aliquip laboris ullamco elit aute incididunt elit magna nostrud eiusmod elit lorem.,packed,2025-06-16,2025-09-09
2888,banana,8.0,Quis elit lorem lorem ut magna elit nisi ipsum magna.,ordered,2025-09-26,2025-12-17
2695,Orange,100.0,Sed dolor consequat ullamco lorem do sit aliquip sit do et.,packed,2025-07-01,2025-05-18
1328,banana,5.5,Sit nostrud dolore lorem dolor reprehenderit in adipiscing.,delivered,2025-02-08,2025-11-25
1819,banana,22.99,Dolor ex consequat dolor reprehenderit aute dolore do.,shipped,2025-01-11,2025-01-16
2172,Mango,N/A,Elit tempor sit consequat laboris duis laboris sed aute sed magna.,ordered,2025-09-23,2025-10-17
2459,orange,22.99,Consectetur sed amet et irure incididunt dolor sed elit enim.,delivered,2026-01-06,2026-05-04
2947,mango,12.5,Duis sed eiusmod incididunt exercitation ipsum tempor aliqua dolor labore labore.,delivered,2025-01-21,2025-03-30
2711,Apple,N/A,Incididunt elit aute incididunt do ut ea sit ad.,packed,2025-10-03,2025-12-20
1877,Mango,N/A,Consequat quis ut ex lorem et incididunt veniam ex dolore ex magna.,ordered,2025-10-15,2026-04-24
1354,Banana,22.99,Ut dolor lorem reprehenderit nostrud do aute exercitation ut aliquip tempor sit aliquip.,packed,2025-11-25,2025-01-17
2710,Orange,N/A,Minim tempor aliqua ut duis ullamco aliquip incididunt ut reprehenderit minim.,shipped,2025-08-06,2026-04-14
1104,mango,22.99,Veniam ut laboris duis aute tempor magna enim.,delivered,2025-08-28,2026-02-18
2133,orange,100.0,Incididunt nisi minim consequat ex quis in adipiscing enim nisi quis amet ea.,shipped,2025-12-09,2025-02-11
2428,Apple,22.99,Incididunt eiusmod magna aute ipsum irure do eiusmod.,shipped,2026-03-12,2025-09-09
1432,Orange,22.99,Ullamco laboris lorem magna ut irure consectetur in elit elit magna.,delivered,2025-10-15,2025-03-25
2258,Orange,5.5,Ullamco aliqua do ex nisi commodo dolor enim sed magna ut commodo.,delivered,2026-02-14,2025-01-25
2519,Mango,100.0,Lorem laboris ut consectetur consequat nisi dolor ullamco quis ex ex veniam magna aliquip.,ordered,2026-02-21,2026-02-05
1421,ORANGE,12.5,Dolor ex quis reprehenderit irure lorem sed commodo quis ex ad exercitation laboris quis.,packed,2026-05-18,2025-05-03
2150,ORANGE,22.99,Ut aute sed commodo ut ut dolor lorem aliqua consequat exercitation elit nostrud.,packed,2025-01-31,2025-07-31
2470,APPLE,N/A,Nisi eiusmod labore nisi ullamco nisi amet et.,delivered,2026-04-06,2025-01-28
1779,APPLE,45.0,Exercitation consequat aliqua lorem tempor exercitation adipiscing voluptate.,packed,2025-10-12,2025-09-09
2662,Orange,45.0,Aute nisi aliquip enim veniam magna ad dolor dolore dolore ullamco laboris nisi labore.,ordered,2025-04-16,2026-01-24
2332,banana,45.0,Laboris amet lorem in ea amet dolor nostrud adipiscing ullamco ipsum aute sed minim.,ordered,2025-03-09,2026-04-11
1326,mango,45.0,Elit in veniam laboris ea consequat duis labore in laboris lorem adipiscing.,shipped,2025-07-08,2026-04-24
2292,banana,8.0,Aliqua lorem in nisi ut irure dolore amet.,delivered,2026-02-20,2026-02-06
1271,Orange,12.5,Consectetur lorem exercitation ut ullamco commodo voluptate aliqua laboris aute incididunt do.,delivered,2025-07-08,2025-09-17
1684,apple,5.5,Sit lorem ex commodo in adipiscing adipiscing aute.,packed,2026-02-22,2025-01-20
2199,orange,45.0,Ut eiusmod elit dolor quis magna consequat ut eiusmod.,delivered,2026-04-05,2025-01-01
1270,banana,N/A,Ut duis irure ut et do ex tempor ex ut consequat.,shipped,2025-10-13,2025-01-17
2988,Banana,22.99,Ut duis irure veniam consectetur aute quis voluptate eiusmod et in magna adipiscing sed.,packed,2025-08-25,2026-03-15
1078,mango,22.99,Ut ea reprehenderit magna nostrud consectetur nostrud quis enim dolor irure irure consectetur dolor.,shipped,2025-07-10,2026-02-01
1377,ORANGE,22.99,Exercitation lorem magna sit ut in nostrud elit irure dolore voluptate dolor.,packed,2025-09-11,2025-08-09
1656,apple,5.5,Reprehenderit veniam ut ad exercitation dolore ea lorem consectetur eiusmod elit minim aute eiusmod.,packed,2025-04-08,2025-12-02
1409,APPLE,N/A,Nostrud adipiscing consectetur lorem lorem dolor incididunt laboris laboris enim magna duis aliquip in.,shipped,2025-08-21,2025-02-04
2783,banana,8.0,Incididunt lorem minim quis ut irure duis enim ipsum.,delivered,2025-12-02,2026-01-28
1608,ORANGE,45.0,Dolor labore reprehenderit ullamco dolor elit labore do quis enim.,delivered,2026-03-15,2025-04-15
2274,banana,22.99,Dolor quis voluptate ea dolor voluptate ipsum voluptate et.,packed,2025-01-05,2025-03-29
1970,Mango,N/A,In ut magna amet minim quis voluptate adipiscing ex dolor ullamco ea duis.,ordered,2025-11-14,2025-09-11
2628,banana,5.5,Consectetur elit do sit sed laboris ut magna lorem ad.,delivered,2025-07-21,2025-06-23
1150,Apple,100.0,Do sit quis laboris reprehenderit adipiscing labore exercitation.,ordered,2025-07-23,2026-05-11
1396,Banana,5.5,Sed aliquip commodo duis ut duis incididunt exercitation.,shipped,2026-05-21,2026-03-18
1052,Apple,22.99,Consectetur do voluptate dolor irure nisi enim ut ea exercitation ea ullamco voluptate nisi.,shipped,2025-04-02,2026-05-10
2423,Banana,45.0,Veniam labore tempor dolore reprehenderit ipsum commodo quis et lorem labore aliquip aliquip commodo.,shipped,2026-04-08,2025-09-24
1555,APPLE,22.99,Et nostrud consectetur magna ullamco consequat lorem incididunt nostrud irure commodo ut ut.,shipped,2025-05-01,2025-10-10
1037,Banana,45.0,Sit veniam nisi nostrud dolore adipiscing in aliquip eiusmod.,shipped,2026-02-13,2025-10-13
2286,Orange,5.5,Veniam adipiscing ut exercitation labore reprehenderit dolore nisi ut sed sed eiusmod.,delivered,2025-05-16,2025-07-24
1113,Banana,5.5,Tempor lorem dolor irure ex duis enim ad reprehenderit quis.,ordered,2025-06-22,2025-02-12
2391,orange,8.0,Duis consequat ullamco voluptate aute sit sed duis adipiscing dolore amet labore.,shipped,2025-12-13,2025-02-18
1702,ORANGE,22.99,Sed consectetur nostrud magna incididunt ut nisi voluptate adipiscing.,shipped,2025-08-20,2026-04-27
2388,Orange,5.5,In et tempor enim ut ea aute nisi nisi consectetur ullamco.,packed,2025-03-23,2026-03-31
2537,orange,error,Ex consequat quis aliquip quis aliqua commodo commodo voluptate consectetur magna.,packed,2025-12-01,2026-01-20
2889,Orange,100.0,Reprehenderit consectetur dolore aliquip incididunt consectetur enim veniam ut.,packed,2026-02-02,2026-02-15
1099,Mango,12.5,Eiusmod magna eiusmod consequat et consectetur minim ullamco ullamco aliqua duis.,ordered,2025-01-12,2025-08-10
2201,Orange,8.0,Dolor aliquip ullamco adipiscing consectetur exercitation labore nisi ex.,delivered,2026-01-15,2026-04-24
2425,APPLE,100.0,Duis quis consequat reprehenderit ipsum exercitation minim ipsum aute.,delivered,2025-12-24,2026-05-20
2913,banana,100.0,Commodo voluptate nostrud consectetur ut ex reprehenderit incididunt incididunt labore.,ordered,2025-05-08,2025-01-17
2291,apple,8.0,Veniam dolore ullamco minim incididunt duis incididunt labore voluptate adipiscing elit commodo et.,ordered,2026-05-21,2026-05-22
1107,Mango,22.99,Lorem reprehenderit magna commodo duis ut aliqua ut incididunt aute adipiscing.,delivered,2026-02-20,2025-01-17
1268,Banana,100.0,Voluptate et et sit reprehenderit nisi dolor do aliquip in aliqua commodo ut dolor.,delivered,2025-03-05,2026-01-18
1264,ORANGE,error,Sit eiusmod labore ut tempor ut reprehenderit aliquip et amet.,shipped,2026-04-24,2025-02-25
1653,Apple,8.0,In sit ullamco minim quis magna reprehenderit in duis magna do labore.,ordered,2025-08-29,2025-07-19
2804,Mango,5.5,Exercitation quis magna reprehenderit dolore enim ea reprehenderit voluptate nisi.,delivered,2025-04-01,2025-09-29
1500,Orange,8.0,Elit ipsum et ad do duis adipiscing ut ut do nisi do.,delivered,2025-10-24,2025-09-23
1081,ORANGE,45.0,Eiusmod elit dolore commodo reprehenderit dolore duis laboris tempor aliqua.,packed,2025-06-13,2025-08-18
2476,apple,100.0,Adipiscing consectetur nisi lorem amet nisi lorem aliqua sed ex elit tempor consectetur.,shipped,2026-05-22,2025-03-14
2238,APPLE,45.0,Lorem laboris labore ut sit duis nisi consectetur dolore dolor ut aliqua.,ordered,2025-07-26,2025-08-15
1254,Orange,12.5,Consequat ea voluptate do adipiscing ea aliqua exercitation ea dolor ad enim do.,ordered,2026-03-01,2025-02-04
2955,mango,22.99,Aliquip ipsum commodo lorem quis dolor dolore ipsum exercitation elit.,shipped,2025-05-19,2025-10-22
1173,Orange,5.5,Ut aliquip consectetur ad lorem ullamco aliqua ea et elit ut consectetur quis lorem.,delivered,2025-06-13,2025-01-15
2725,Orange,N/A,Magna commodo laboris et duis commodo magna reprehenderit tempor magna sit quis tempor.,delivered,2025-08-02,2025-04-17
2070,Banana,5.5,Quis veniam tempor voluptate ea tempor dolor ad ipsum aliquip irure commodo lorem.,shipped,2025-08-01,2025-05-27
2686,mango,22.99,Do consectetur do nostrud irure amet amet ut nostrud in.,ordered,2025-04-17,2025-12-04
2261,banana,100.0,Eiusmod lorem sit nisi aliqua ut dolor elit dolor.,shipped,2026-05-25,2025-11-04
1353,ORANGE,100.0,Ut ex nisi dolor minim ad adipiscing reprehenderit sed minim veniam.,delivered,2025-03-01,2025-12-04
2346,apple,error,Dolore dolor nisi voluptate sed aliquip quis et.,shipped,2026-04-24,2025-10-05
1801,Orange,100.0,Aliqua ut tempor ea dolore aute veniam reprehenderit duis duis ut sed.,ordered,2025-02-21,2025-03-02
2175,ORANGE,22.99,Dolore consectetur amet ut irure aliquip nisi magna.,shipped,2025-12-05,2026-05-27
2362,apple,22.99,Labore ex irure et voluptate elit enim tempor lorem dolore.,delivered,2025-12-12,2026-03-01
2655,apple,45.0,Nisi et magna et ut adipiscing irure aute tempor ea.,delivered,2025-10-31,2025-01-06
1294,Banana,N/A,Magna minim aliqua minim eiusmod ut enim ipsum dolor lorem eiusmod sed.,shipped,2025-10-02,2025-06-07
2876,Banana,22.99,Elit commodo labore dolor exercitation minim ipsum exercitation.,shipped,2025-03-12,2025-08-06
1551,APPLE,12.5,Ea ullamco consequat enim enim duis consequat quis enim duis labore adipiscing.,shipped,2025-04-23,2025-08-03
1742,mango,error,Lorem ut ipsum sed ex dolore nisi incididunt ad voluptate quis ad.,packed,2025-09-15,2025-01-20
2819,Mango,12.5,Laboris aliqua elit exercitation tempor ullamco commodo ipsum eiusmod.,ordered,2025-12-29,2025-05-24
1680,apple,error,Duis lorem sed ut ipsum amet aliquip laboris enim minim ut exercitation.,ordered,2025-11-13,2025-03-10
2051,mango,error,Minim adipiscing lorem minim aliquip duis ut ullamco aute nisi commodo tempor quis.,packed,2025-09-08,2025-08-14
1344,mango,12.5,Ullamco aliquip dolore exercitation incididunt ut duis incididunt minim amet voluptate sed lorem.,delivered,2025-07-06,2025-08-07
2345,orange,100.0,Voluptate minim irure ex enim ad incididunt adipiscing.,delivered,2026-01-06,2025-12-15
2153,banana,22.99,Veniam consequat in dolor eiusmod ut adipiscing laboris consectetur exercitation in ipsum.,packed,2025-06-25,2025-08-22
1965,APPLE,12.5,Ut commodo voluptate ut tempor commodo veniam ullamco.,ordered,2025-10-15,2026-04-23
1914,APPLE,100.0,Tempor exercitation ut ad ut nostrud sit consequat aute veniam nisi duis ex.,delivered,2025-03-09,2025-12-28
2194,orange,100.0,Nostrud veniam ut ad exercitation ut dolore magna veniam ad veniam.,delivered,2026-02-25,2025-07-30
2075,Orange,45.0,Nisi magna adipiscing nostrud nisi elit in ea.,ordered,2025-12-08,2025-04-01
2120,apple,8.0,Dolor ullamco veniam ullamco duis ea amet ex consequat.,ordered,2026-05-16,2025-01-08
2874,mango,22.99,Ex reprehenderit ipsum consectetur ut consectetur enim adipiscing veniam dolore exercitation do tempor.,delivered,2025-11-08,2026-04-11
2886,Orange,N/A,Ut aliqua labore ad magna minim aliquip do reprehenderit labore nisi lorem enim.,packed,2025-04-14,2025-06-24
2720,Banana,8.0,Labore ullamco nisi ea aliqua irure et ullamco minim exercitation.,packed,2025-10-08,2025-10-14
1539,Orange,error,Voluptate veniam amet sit dolor irure in laboris ut ex.,packed,2025-11-27,2025-02-20
1406,mango,5.5,Ut ex consequat ea nostrud aliquip nostrud aliqua.,delivered,2026-04-03,2025-02-24
2789,ORANGE,N/A,Reprehenderit commodo exercitation et minim tempor reprehenderit quis incididunt dolor voluptate consequat aliqua.,delivered,2025-11-02,2025-01-23
1135,mango,N/A,Exercitation enim ex ad sed consectetur nostrud ad ut.,packed,2025-05-31,2026-03-26
1478,orange,22.99,Ea sed ipsum quis sit quis dolor laboris ullamco voluptate do elit.,ordered,2026-01-20,2026-01-17
1141,apple,100.0,Aliquip veniam nostrud commodo ipsum enim sed incididunt dolore enim eiusmod elit consectetur.,shipped,2025-10-18,2025-03-26
2887,Apple,error,In dolor amet dolor lorem lorem adipiscing elit minim amet quis sit consequat.,shipped,2025-04-12,2025-08-22
2613,banana,error,Enim ut dolor nostrud consequat sed enim ut ipsum voluptate nostrud ut consectetur.,delivered,2025-10-23,2025-09-05
2988,Banana,12.5,Adipiscing reprehenderit ullamco reprehenderit ex quis ullamco dolore consequat consectetur irure magna ut consectetur.,delivered,2026-03-02,2026-02-28
1891,orange,12.5,Voluptate ex dolor tempor commodo dolor consectetur duis consectetur.,packed,2025-10-03,2025-02-10
1148,Banana,5.5,Veniam irure enim exercitation lorem enim ut sit adipiscing ut consequat.,ordered,2025-10-08,2025-10-28
1055,APPLE,45.0,Eiusmod duis dolor ut magna et aute adipiscing commodo.,ordered,2025-04-23,2026-01-28
1504,Apple,45.0,Do quis ea et irure dolore exercitation labore nostrud adipiscing elit.,delivered,2026-01-20,2025-09-27
2662,orange,error,Ipsum do duis commodo consequat ut reprehenderit aliquip labore dolor aliquip sed.,shipped,2025-10-23,2025-09-19
2792,apple,22.99,Adipiscing minim veniam quis incididunt ex reprehenderit dolor dolor tempor aliquip.,ordered,2026-01-18,2026-05-09
1598,APPLE,N/A,Et amet nisi nostrud minim enim consequat do consectetur.,ordered,2025-10-24,2025-01-15
2194,Mango,error,Aliqua ullamco aliqua minim dolor minim dolore dolor amet.,delivered,2025-09-07,2025-03-29
1639,Banana,8.0,Sit dolor do enim magna ullamco in lorem commodo sit.,delivered,2025-04-10,2025-02-16
2259,mango,100.0,Incididunt labore ut dolor ullamco laboris lorem aute consequat laboris eiusmod.,ordered,2026-01-17,2025-09-27
1367,Banana,12.5,Ipsum elit dolor reprehenderit aliqua labore ullamco in dolor lorem labore.,packed,2025-06-22,2025-10-23
2517,orange,8.0,Ea ipsum magna ipsum ut tempor aliquip quis lorem voluptate.,delivered,2026-03-11,2025-09-13
1421,apple,45.0,Consectetur consectetur ipsum voluptate do voluptate consectetur laboris dolor.,delivered,2025-05-24,2025-01-29
1195,APPLE,12.5,Sit ex tempor ut do amet do elit elit dolore reprehenderit commodo adipiscing aliquip.,shipped,2025-12-10,2026-02-26
2391,banana,100.0,Do elit magna ea incididunt ut commodo elit nostrud.,delivered,2026-03-16,2025-07-17
1548,ORANGE,12.5,Commodo in eiusmod ex ullamco enim irure consequat tempor quis ullamco et exercitation.,packed,2025-12-31,2026-02-19
2709,orange,100.0,Elit dolore reprehenderit et labore duis tempor ex dolore adipiscing ea aute ad.,delivered,2026-03-03,2025-11-04
1215,banana,5.5,Voluptate do magna nostrud et incididunt aliqua voluptate tempor ex aliqua ut eiusmod sed.,delivered,2025-05-11,2025-12-14
2531,Banana,45.0,Sed dolor ex dolore dolor adipiscing amet enim adipiscing ut.,delivered,2025-07-21,2025-08-18
1663,banana,N/A,Incididunt veniam ad aliqua laboris ipsum ea dolore veniam incididunt enim ullamco exercitation.,ordered,2026-03-02,2025-04-09
1725,Banana,8.0,Dolore ea laboris nisi sit eiusmod ad sed.,packed,2026-01-24,2025-03-02
1965,ORANGE,12.5,Tempor exercitation consequat reprehenderit irure lorem irure dolore.,shipped,2025-08-01,2025-05-01
1269,orange,error,Ea nostrud incididunt ea magna ut tempor adipiscing quis consequat elit.,shipped,2025-12-19,2026-02-20
1420,Banana,8.0,Consectetur in aute nostrud irure lorem magna quis ad laboris voluptate.,ordered,2025-07-05,2026-02-28
2438,mango,error,Ut exercitation ut laboris magna irure do labore nostrud ipsum reprehenderit amet.,shipped,2025-01-29,2025-04-27
1821,Banana,error,Nostrud ex sit do tempor tempor enim laboris consequat laboris sed nisi minim.,ordered,2025-10-16,2025-02-16
2690,APPLE,error,Aliquip reprehenderit aute ad do sit eiusmod veniam.,ordered,2026-02-15,2025-01-11
2997,banana,8.0,Ipsum duis laboris dolor irure ipsum minim consequat magna magna consectetur dolor voluptate ex.,ordered,2025-02-10,2025-09-10
1597,ORANGE,8.0,Ea tempor irure in ut tempor adipiscing dolor ut sit dolor enim voluptate amet.,ordered,2025-07-30,2026-01-27
1120,orange,100.0,Enim duis irure commodo amet aute ea amet nisi dolor consequat voluptate ut ut.,ordered,2025-06-15,2025-04-01
1592,orange,8.0,Duis ut ullamco ut dolor in sit dolor do.,delivered,2026-05-03,2026-01-13
2005,mango,error,Aliqua exercitation eiusmod ea sit dolor ad exercitation amet voluptate consectetur quis incididunt eiusmod.,packed,2025-05-02,2025-12-23
1581,Orange,8.0,Eiusmod dolor do dolor nostrud aliqua laboris dolore magna eiusmod labore elit ut.,delivered,2025-11-16,2025-03-18
1004,ORANGE,100.0,Enim commodo in enim veniam ut tempor minim dolor aliqua.,shipped,2025-08-15,2025-03-01
1062,Mango,8.0,Voluptate ut labore ut in dolor sed et ad irure duis elit.,ordered,2026-04-12,2025-06-09
1798,mango,45.0,Laboris magna ipsum dolore lorem lorem ipsum incididunt voluptate dolor amet do voluptate dolore.,delivered,2025-07-04,2025-09-24
1082,apple,5.5,Commodo aute lorem ullamco commodo magna nostrud laboris voluptate commodo amet consectetur adipiscing enim.,packed,2025-07-16,2026-05-29
2474,orange,8.0,Aute laboris adipiscing adipiscing adipiscing elit adipiscing lorem tempor labore.,packed,2025-07-17,2026-01-02
2241,APPLE,error,Lorem sit aliquip veniam ut commodo do irure.,ordered,2025-04-29,2025-09-10
1710,Orange,100.0,Ut ea ut adipiscing ex minim consectetur consequat commodo.,delivered,2025-10-24,2025-05-01
2309,Mango,5.5,Voluptate nostrud ut eiusmod consectetur veniam duis ipsum incididunt exercitation dolor ut.,shipped,2025-09-06,2025-11-05
1158,APPLE,100.0,Ex ea ad irure dolor tempor enim magna ut aliquip ullamco veniam elit ullamco.,packed,2025-01-24,2026-01-30
1454,Mango,5.5,Ullamco reprehenderit laboris do quis ea laboris amet consequat exercitation irure ut.,packed,2026-02-17,2025-01-15
1653,Mango,100.0,Dolor ea nostrud ut ea veniam tempor quis aliquip consequat.,delivered,2025-02-20,2025-11-02
1735,ORANGE,22.99,Dolore aliquip dolore aliqua eiusmod ut tempor ut.,ordered,2025-03-26,2026-02-13
1651,ORANGE,5.5,Amet do laboris dolor nostrud veniam adipiscing do lorem incididunt enim.,delivered,2025-06-14,2026-02-12
1605,banana,error,Ea ad dolor ut aute lorem incididunt elit aliquip irure elit.,shipped,2025-01-05,2025-02-02
1560,orange,5.5,Consectetur amet labore eiusmod aute nostrud labore labore ut duis nostrud ipsum elit.,delivered,2026-01-23,2025-01-16
1332,banana,45.0,Ut eiusmod ex do adipiscing commodo nisi incididunt elit do.,ordered,2025-11-26,2025-05-23
2075,mango,N/A,Incididunt dolor adipiscing aliqua elit aute exercitation sit.,packed,2025-04-12,2026-05-13
1605,ORANGE,45.0,Consectetur incididunt magna veniam ea irure et eiusmod elit magna nostrud enim voluptate lorem.,packed,2025-05-10,2025-12-30
2539,Orange,N/A,Duis nostrud ad incididunt ea consequat lorem adipiscing.,delivered,2025-04-08,2025-02-19
1217,APPLE,N/A,Eiusmod dolore do nostrud sit dolor dolor lorem ut ullamco aliqua dolore elit.,shipped,2026-01-21,2025-10-15
2433,Apple,8.0,Aliquip et nostrud lorem ut voluptate commodo adipiscing lorem commodo labore commodo.,packed,2025-05-20,2025-08-28
1169,mango,5.5,Dolor minim sit labore incididunt aliquip duis ut ea consectetur incididunt.,shipped,2025-07-20,2025-04-17
2884,orange,5.5,Aliqua aliqua aliqua dolor elit enim irure magna consectetur ea adipiscing.,ordered,2025-11-25,2026-05-04
2121,Orange,22.99,Sit aliquip dolor consectetur dolor amet enim veniam dolor ipsum ullamco enim aliqua.,shipped,2025-09-09,2025-05-19
1309,Banana,5.5,Veniam nostrud sit consectetur consequat minim incididunt minim.,delivered,2025-08-14,2026-05-25
1171,orange,error,Adipiscing ut lorem ipsum ex ut labore dolor quis veniam dolor adipiscing eiusmod nisi.,packed,2025-05-27,2025-09-23
1895,Mango,22.99,Exercitation consectetur enim reprehenderit ut amet laboris sed nisi magna quis.,shipped,2025-08-04,2025-05-23
1084,orange,8.0,Tempor aute consequat commodo elit aliqua incididunt aliqua aute aute aute et commodo enim.,shipped,2025-11-20,2025-12-20
1451,Banana,5.5,Et dolore in dolore enim magna minim ad nostrud adipiscing tempor commodo incididunt et.,ordered,2025-01-23,2025-11-11
1833,ORANGE,100.0,Reprehenderit quis reprehenderit aliqua dolore dolor duis adipiscing.,ordered,2026-03-08,2025-05-10
2537,Apple,22.99,Ad nostrud do ut lorem aliqua ea tempor aute aute sit quis incididunt.,shipped,2025-01-05,2025-07-10
1301,Banana,error,Ut voluptate nisi duis laboris ut incididunt labore ad quis duis.,packed,2026-01-18,2025-04-30
2769,apple,error,Laboris ut sed ullamco minim amet ut nisi in voluptate adipiscing eiusmod ut.,packed,2025-02-27,2025-10-04
1648,orange,22.99,Magna aliquip lorem sed ullamco laboris duis ea commodo aliqua lorem.,ordered,2025-05-22,2025-06-05
1055,Orange,error,Dolor consectetur consequat ea aute sed voluptate do duis nisi dolore in.,packed,2026-02-20,2026-05-26
2482,orange,N/A,Lorem labore nisi exercitation incididunt aliqua dolor consectetur quis et aliqua.,ordered,2025-04-27,2025-07-12
1298,banana,100.0,Aute dolor in dolore consequat reprehenderit aute sit irure incididunt amet labore irure ut.,ordered,2025-02-19,2025-08-10
2948,apple,12.5,Eiusmod dolor incididunt tempor dolor magna irure labore nisi consequat.,packed,2025-04-16,2025-10-09
2054,Banana,5.5,Ut et dolor ipsum ullamco amet magna in dolore ut.,delivered,2026-04-07,2025-09-26
1073,orange,12.5,Irure ea laboris magna exercitation nisi ullamco sed ut.,delivered,2025-04-06,2025-04-20
1749,apple,22.99,Voluptate minim aliqua sit quis consequat dolore et aliquip minim laboris.,packed,2026-02-28,2025-03-09
1975,Orange,100.0,Ipsum reprehenderit veniam dolore eiusmod ullamco dolor labore labore ut veniam eiusmod in voluptate.,packed,2025-10-17,2025-06-13
1794,mango,45.0,Enim ea enim quis dolor labore consequat dolor.,delivered,2026-05-12,2025-08-02
1008,Banana,12.5,Ea labore adipiscing consequat elit ex aliqua quis ullamco.,shipped,2025-11-21,2025-03-13
2306,Mango,12.5,Ut aute et incididunt amet eiusmod commodo enim sed.,ordered,2026-04-29,2025-05-09
2814,Orange,5.5,Consequat veniam ut elit enim enim ut ex ex consectetur ex incididunt ut nisi.,delivered,2026-06-01,2026-02-04
1406,Orange,12.5,Ut sit sit consequat ut tempor sed nisi.,delivered,2025-08-10,2025-02-23
1714,Apple,5.5,Amet exercitation dolor ut aliqua consectetur quis ullamco amet et exercitation.,shipped,2026-02-13,2026-02-17
2576,Apple,22.99,Ipsum exercitation nisi minim eiusmod incididunt tempor lorem ut adipiscing.,shipped,2025-05-22,2026-01-24
2397,Mango,N/A,Ut sed nisi consectetur sit sit tempor voluptate ut ut et incididunt laboris aliqua.,ordered,2025-12-09,2026-05-20
2615,APPLE,8.0,Dolor labore ex amet dolor ut dolor aliqua.,ordered,2026-06-01,2025-02-03
1275,mango,100.0,Quis sed tempor enim labore ut veniam duis do incididunt ad sed.,delivered,2025-04-02,2025-07-11
1220,banana,22.99,Quis consequat dolore reprehenderit ut dolor voluptate dolore incididunt consequat commodo.,ordered,2025-08-01,2025-04-04
2930,Apple,45.0,Laboris aliqua adipiscing minim ut veniam tempor irure irure voluptate ad consectetur lorem commodo.,packed,2025-01-22,2026-02-05
2360,Orange,8.0,Laboris dolore lorem sit ipsum ex incididunt consequat ad amet.,packed,2025-02-28,2025-07-22
1480,Mango,22.99,Laboris do nostrud ex irure commodo sit dolor aliquip nostrud minim nostrud eiusmod veniam.,ordered,2025-01-04,2025-11-14
2748,apple,12.5,Minim voluptate do ut tempor labore aute nostrud elit.,ordered,2025-08-24,2025-02-20
2891,banana,N/A,Ut aliqua eiusmod magna elit dolor ipsum ea sit voluptate laboris aliqua dolor.,shipped,2026-04-15,2025-09-20
2575,Apple,12.5,Labore ut sit consequat voluptate ipsum et veniam do ea eiusmod aute aliqua dolor.,delivered,2026-05-31,2025-10-25
1285,orange,8.0,Ut laboris exercitation enim magna aute ullamco ex amet commodo aliqua nisi amet.,delivered,2026-05-06,2026-02-12
2781,ORANGE,N/A,Dolor aliqua minim laboris et sit laboris aute ea adipiscing dolor.,packed,2025-06-12,2025-07-08
1870,mango,22.99,Minim nisi lorem ut sed ullamco sit dolore consequat elit veniam.,ordered,2026-04-20,2025-10-26
2189,APPLE,N/A,Ut veniam consectetur labore enim ut aliqua reprehenderit consequat dolore ipsum duis dolor et.,ordered,2025-11-21,2025-01-31
2892,orange,error,Ea amet in dolore enim nostrud quis in.,packed,2025-12-27,2026-02-10
1718,orange,5.5,Ullamco duis ut aliqua dolor laboris ea lorem.,packed,2025-09-26,2025-10-04
2217,ORANGE,5.5,Consequat ad ullamco voluptate exercitation ullamco ea nostrud lorem amet aute labore.,ordered,2025-03-07,2026-02-05
2711,Orange,5.5,Elit ex lorem laboris nostrud adipiscing elit do sed exercitation.,ordered,2025-01-17,2026-01-29
1344,Orange,12.5,In ullamco lorem consectetur tempor elit dolore ut consectetur ut quis et enim commodo.,shipped,2025-01-26,2025-12-01
2013,orange,error,Dolore laboris nostrud irure nisi dolor eiusmod ut veniam ad.,packed,2026-01-06,2025-11-08
1518,Mango,N/A,Labore dolor dolore aliqua veniam veniam consequat et aute sed.,shipped,2025-07-23,2025-10-31
2150,Banana,100.0,Veniam aliqua adipiscing magna ad aliqua dolore incididunt ut adipiscing aute commodo enim.,delivered,2025-01-05,2025-10-25
1499,ORANGE,22.99,Commodo quis laboris ullamco incididunt aute aliquip voluptate nisi aute ipsum ipsum aliquip ut.,ordered,2026-01-05,2025-02-02
2220,ORANGE,error,Ut aliquip lorem ut incididunt dolor ex ex quis nisi ut.,delivered,2025-05-26,2025-11-19
1552,Mango,12.5,Quis ipsum aliqua labore voluptate amet ipsum consectetur nisi.,ordered,2025-11-04,2025-12-18
1047,ORANGE,8.0,Do do dolor dolor nostrud ea nisi nisi consequat ex.,shipped,2025-07-12,2025-03-22
2633,orange,8.0,Eiusmod et ipsum voluptate elit et irure consequat adipiscing.,delivered,2026-01-25,2025-07-07
2650,Mango,8.0,Dolor et do sed ut et incididunt reprehenderit tempor ex voluptate commodo consequat.,ordered,2025-08-26,2025-11-28
1192,orange,5.5,Irure ut consequat ut nisi nisi ut dolor magna enim veniam amet ut.,packed,2026-03-29,2025-09-14
1789,orange,45.0,Sit ut enim reprehenderit ut ex ex ex tempor amet ex ipsum tempor consectetur.,delivered,2026-02-06,2025-06-13
1028,APPLE,12.5,Quis sit consequat eiusmod ea eiusmod exercitation labore sit ex in.,shipped,2025-12-10,2025-02-03
2458,Mango,45.0,Consectetur nisi aliquip aliqua nisi amet elit ex incididunt do ea dolor minim ipsum.,shipped,2025-04-03,2025-10-26
2331,ORANGE,12.5,Et consequat magna et duis adipiscing elit aliquip amet.,shipped,2025-05-16,2026-04-28
1740,Mango,5.5,Enim exercitation dolor ut incididunt ipsum incididunt tempor irure minim ut.,shipped,2025-09-12,2026-03-23
2808,APPLE,100.0,Dolor sit ipsum laboris adipiscing voluptate enim consectetur ullamco.,shipped,2025-01-17,2026-02-22
1301,APPLE,8.0,In exercitation dolore ea labore dolor ut duis ad duis adipiscing exercitation aliquip.,delivered,2025-08-23,2025-06-09
1320,orange,N/A,Quis sit ut do ut ea amet ipsum consectetur minim ut.,ordered,2026-03-29,2025-10-27
1709,APPLE,8.0,Aute dolor tempor dolor commodo elit consectetur ullamco aliquip minim.,delivered,2025-02-05,2025-08-07
2525,banana,100.0,Elit ut magna ex dolor ullamco dolor lorem.,packed,2025-10-07,2026-02-22
2402,Apple,100.0,Exercitation veniam aliquip eiusmod aliqua ad ipsum irure consequat laboris.,delivered,2025-06-26,2025-03-15
1099,Mango,8.0,Eiusmod dolore amet ut adipiscing amet veniam veniam et.,packed,2025-06-27,2025-02-02
2578,apple,N/A,Aliquip aute laboris minim aliquip ullamco do duis eiusmod quis laboris sit in.,delivered,2025-09-09,2026-01-25
2229,Orange,5.5,Ad ut ullamco aliqua elit ipsum et sit ut amet dolor enim lorem.,ordered,2026-03-21,2025-09-05
1550,apple,100.0,Commodo commodo laboris duis ut elit ut minim sit amet ea ex exercitation commodo.,shipped,2026-01-06,2025-09-23
2914,Mango,22.99,Enim exercitation labore dolore amet sed aliqua sit aliqua aliquip commodo nisi.,delivered,2025-05-25,2026-03-12
1492,APPLE,100.0,Amet aliquip ex dolore ea veniam in dolore ad ut sed.,delivered,2025-10-21,2025-02-17
1339,ORANGE,N/A,Laboris ut reprehenderit laboris reprehenderit incididunt ea irure elit aliqua aliquip lorem in.,ordered,2025-03-15,2026-04-14
1852,orange,error,Exercitation amet elit ad amet magna minim aliqua irure.,delivered,2025-09-26,2026-05-06
1055,banana,22.99,Dolore voluptate dolore ad enim lorem dolore quis reprehenderit lorem.,shipped,2025-08-14,2026-05-14
2398,APPLE,N/A,Aliquip nisi sit labore reprehenderit ex adipiscing reprehenderit voluptate nostrud laboris.,packed,2026-05-10,2025-03-01
1785,Mango,N/A,Dolor dolor dolor aliquip nisi quis sit ut consectetur adipiscing.,delivered,2025-05-08,2025-07-17
1041,orange,8.0,Nisi ea in laboris duis enim nisi minim aliquip consequat minim.,shipped,2026-05-04,2025-10-19
2191,APPLE,5.5,Nostrud ut dolor consectetur ad amet veniam magna labore magna minim amet.,ordered,2025-01-10,2026-03-20
1157,Apple,N/A,Commodo duis aute ut aute amet magna consequat elit ut reprehenderit consequat ut.,packed,2026-03-01,2025-04-16
1857,APPLE,error,Magna enim quis sit quis irure minim nisi nostrud quis nostrud dolore.,packed,2025-02-18,2025-04-27
2563,Banana,12.5,Sit voluptate labore commodo nisi amet do voluptate sed dolor commodo.,packed,2025-03-20,2026-04-27
2257,apple,100.0,Quis ex ipsum nisi consequat eiusmod laboris nostrud ex et.,shipped,2026-05-31,2025-08-19
1699,mango,N/A,Nostrud nostrud ex consectetur enim tempor aliquip nostrud adipiscing dolor ea irure amet.,shipped,2025-03-13,2025-07-08
1660,apple,8.0,Aliquip voluptate in eiusmod ad aliqua elit in consequat voluptate ut magna ipsum.,delivered,2025-08-27,2025-09-25
1733,banana,8.0,Sed ea eiusmod eiusmod ut do dolor eiusmod irure commodo nostrud minim aliquip ea.,ordered,2026-03-15,2025-11-10
1742,APPLE,5.5,Ullamco dolor ipsum voluptate exercitation aute ut ut ullamco.,packed,2025-12-03,2025-04-06
1857,mango,8.0,Aute do exercitation sed aliqua ipsum nisi consectetur.,packed,2025-10-28,2025-01-12
2446,ORANGE,error,Ullamco ullamco aliquip in amet exercitation aute duis do.,ordered,2026-02-26,2025-09-09
1378,Banana,22.99,Ut lorem irure amet commodo incididunt elit ex veniam duis.,packed,2025-02-01,2025-06-11
2419,banana,N/A,Consequat et ut ut magna ut in consectetur aliquip aliqua dolor labore voluptate lorem.,shipped,2025-04-16,2025-11-13
2013,Mango,N/A,Veniam ut irure enim ut consequat consectetur duis voluptate nisi exercitation ad.,packed,2026-01-30,2025-03-19
2366,orange,12.5,Sed dolore exercitation elit quis voluptate ipsum reprehenderit eiusmod dolore dolore nostrud in.,delivered,2025-06-27,2025-06-21
2167,Mango,N/A,Veniam amet eiusmod consequat exercitation veniam ex exercitation lorem.,packed,2025-11-09,2025-05-10
1574,ORANGE,error,Dolore laboris minim sed magna sed incididunt minim.,packed,2025-09-01,2025-09-21
1427,Apple,100.0,In aliquip dolore irure eiusmod ipsum aliqua commodo.,shipped,2025-06-29,2025-10-19
1510,apple,45.0,In in veniam labore ut sed consequat lorem aute elit ex.,shipped,2025-10-06,2026-05-07
2727,Orange,N/A,Aliqua irure aute aliqua labore ut amet aute magna ipsum ut commodo.,packed,2025-01-05,2025-02-08
2560,APPLE,100.0,Consectetur ad ut in voluptate aliquip exercitation magna dolore reprehenderit.,delivered,2026-04-06,2025-09-22
1935,Orange,22.99,Amet ut duis lorem aute duis nostrud sit tempor aliqua sit ipsum ex.,shipped,2026-04-04,2025-04-16
1689,mango,5.5,Et aliqua labore laboris sit aliquip aliqua lorem amet ad incididunt quis aliquip elit.,shipped,2025-08-01,2026-01-12
2250,mango,100.0,Aute voluptate tempor ex lorem labore magna duis.,packed,2026-05-12,2025-12-18
1636,Orange,45.0,Ut irure irure commodo aliqua enim ut nostrud irure commodo consectetur reprehenderit duis labore.,packed,2025-11-28,2026-05-18
1876,ORANGE,22.99,Consequat minim ea ullamco ex eiusmod ullamco quis ex magna quis dolor dolore ut.,shipped,2025-08-15,2025-01-20
2474,orange,12.5,Sit ex aliqua quis nostrud sit commodo ullamco lorem incididunt dolor duis adipiscing aute.,delivered,2026-04-16,2025-12-25
2073,mango,5.5,Irure dolore magna dolor sed aliqua eiusmod nisi.,packed,2025-09-22,2026-02-17
2041,APPLE,22.99,Aliquip eiusmod amet sit reprehenderit sed et nisi sit ut aliquip dolor aute.,ordered,2026-04-03,2025-11-05
1573,Mango,5.5,Irure elit magna consectetur eiusmod dolore veniam nisi ad irure veniam.,delivered,2026-05-23,2025-09-29
2604,Apple,100.0,Tempor incididunt eiusmod incididunt ad labore nostrud duis ut ut eiusmod consequat.,ordered,2025-09-03,2026-05-03
1797,Apple,22.99,Enim ipsum aute lorem aute aliqua et ut ut sed sit ut.,delivered,2025-08-01,2025-08-01
1121,APPLE,12.5,Ipsum ut quis tempor ipsum magna magna aliquip adipiscing ex aliquip labore minim reprehenderit.,shipped,2026-03-09,2026-01-10
1503,Mango,45.0,Aute consectetur magna voluptate ullamco dolor laboris lorem reprehenderit.,shipped,2026-04-23,2025-01-30
2751,APPLE,8.0,Dolor eiusmod ut voluptate laboris consequat sit nostrud.,delivered,2025-11-18,2025-03-24
1177,apple,8.0,Irure ad ex ut dolor magna sit aliquip enim aliqua sit ullamco ullamco.,delivered,2025-01-01,2025-10-15
2475,Apple,22.99,Laboris duis consequat veniam adipiscing exercitation aliquip ut et labore nostrud.,shipped,2025-01-18,2025-03-11
1565,ORANGE,N/A,Do aliquip quis elit aliqua incididunt lorem tempor enim eiusmod veniam elit adipiscing.,shipped,2025-02-26,2025-12-30
1137,Banana,8.0,Dolore ipsum enim ut eiusmod veniam duis eiusmod aliquip ad elit ut.,shipped,2025-05-12,2025-01-03
1384,Mango,error,Amet dolor ex laboris dolor do ad ullamco duis voluptate.,delivered,2026-02-28,2025-11-14
2895,Apple,5.5,Amet sit sed et ad sed adipiscing minim sed irure.,delivered,2025-11-22,2025-03-22
1715,Banana,100.0,Elit consectetur veniam labore aute commodo dolor quis ut irure commodo sit elit.,delivered,2025-12-05,2026-01-05
2654,apple,8.0,Ut ex elit veniam in amet do minim reprehenderit sit irure.,ordered,2025-02-26,2025-07-20
2967,apple,8.0,Tempor dolore tempor ut voluptate elit dolor amet exercitation et ut duis voluptate duis.,ordered,2025-06-27,2025-03-06
2054,Mango,45.0,Irure incididunt voluptate incididunt magna sed sit aute et sed dolor.,ordered,2025-11-25,2025-08-17
1079,Banana,12.5,Ut lorem aliqua sit ut irure exercitation irure magna exercitation ut ea ut magna.,delivered,2025-09-01,2025-11-09
1666,banana,8.0,Quis reprehenderit nostrud amet magna exercitation irure tempor adipiscing magna nisi in dolor commodo.,ordered,2026-03-06,2025-04-18
2879,mango,22.99,Exercitation lorem irure irure duis aliquip ullamco adipiscing eiusmod commodo consectetur veniam magna.,packed,2025-06-05,2025-03-27
2296,Apple,100.0,Magna ullamco dolore exercitation ea reprehenderit ipsum sed tempor quis in sit lorem.,shipped,2025-08-24,2025-05-23
2355,Mango,5.5,Ex veniam ut ut adipiscing ipsum reprehenderit laboris dolor.,shipped,2025-12-14,2026-05-21
2505,ORANGE,error,Sed ut consectetur exercitation sit labore irure commodo labore voluptate irure commodo lorem dolor.,delivered,2025-01-17,2026-01-25
1089,banana,12.5,Commodo consequat tempor magna et incididunt enim ut commodo.,shipped,2025-02-12,2025-01-24
1526,orange,100.0,Dolore nisi sed amet dolore exercitation et commodo do quis minim.,delivered,2026-01-26,2025-12-22
1871,APPLE,N/A,Sed laboris dolor ullamco irure consectetur nostrud irure.,ordered,2025-07-18,2026-01-27
1018,banana,5.5,Nostrud laboris ut aute ex exercitation do lorem labore ex aliquip duis minim commodo.,shipped,2025-09-09,2025-06-22
2947,APPLE,error,Sit ut consectetur ut quis dolor et ut consectetur eiusmod.,shipped,2025-04-06,2026-02-23
1971,Banana,12.5,Quis aliquip consectetur aliquip ad commodo tempor ad minim consequat minim ea consequat labore.,packed,2025-06-20,2026-01-12
2585,apple,45.0,Irure minim elit veniam lorem ex minim adipiscing dolore ipsum irure minim aliqua aliquip.,delivered,2026-05-12,2026-02-24
2308,Apple,12.5,In tempor commodo do reprehenderit aliquip quis consequat enim adipiscing do ullamco.,ordered,2026-05-05,2025-11-27
2837,Mango,100.0,Ullamco dolor ut ad veniam ut tempor reprehenderit dolor ullamco reprehenderit dolore.,packed,2026-03-15,2026-03-31
1661,orange,8.0,Exercitation ad tempor do exercitation et ut ea ea aliqua irure exercitation aliqua nostrud.,packed,2025-01-09,2025-02-21
2158,Banana,100.0,Ad elit consequat magna sed ipsum ex labore enim ullamco elit incididunt consectetur.,shipped,2025-08-09,2025-11-09
2581,APPLE,45.0,Dolore veniam quis minim eiusmod laboris dolor sit ullamco ad ipsum.,ordered,2025-07-28,2025-07-21
2863,banana,12.5,Duis labore do ex dolore aute magna voluptate.,delivered,2025-04-17,2025-12-21
1668,banana,error,Aute labore nostrud irure ipsum irure enim tempor ex voluptate ullamco.,packed,2026-05-23,2025-05-20
1098,Mango,N/A,Dolor duis incididunt quis amet nisi ut consequat et ut exercitation.,packed,2026-05-29,2026-01-09
2511,Orange,45.0,Aute in reprehenderit aliquip duis ullamco laboris veniam.,ordered,2026-05-25,2026-04-10
1696,Mango,45.0,Dolor dolore magna do exercitation magna ullamco tempor.,delivered,2025-01-03,2026-04-02
2149,APPLE,12.5,Enim labore laboris irure nisi in exercitation dolor enim et adipiscing nisi tempor amet.,shipped,2025-06-19,2025-12-14
1421,orange,22.99,Exercitation elit ex ex minim ullamco laboris enim aliqua aliqua.,delivered,2025-11-23,2025-02-07
1985,Orange,100.0,Ut exercitation ullamco ut ullamco ut voluptate aliqua enim ad.,shipped,2026-02-25,2025-06-28
2947,ORANGE,12.5,Nostrud ea duis dolor magna in eiusmod aute labore et ut consectetur dolor dolor.,ordered,2025-12-08,2025-09-16
1946,Apple,N/A,Incididunt reprehenderit eiusmod sit irure tempor veniam consectetur et et reprehenderit labore eiusmod do.,shipped,2026-05-15,2025-11-13
1195,mango,100.0,Dolore do laboris adipiscing aute veniam reprehenderit et lorem ea ex ea consequat.,delivered,2025-11-05,2026-05-15
1741,apple,8.0,Magna ipsum ea dolor ea tempor ullamco ea magna eiusmod aliquip laboris reprehenderit.,shipped,2026-03-31,2025-01-02
1615,Orange,5.5,Eiusmod commodo voluptate ut ut eiusmod voluptate laboris.,delivered,2025-09-09,2025-10-25
1254,apple,100.0,Ut labore ipsum ut ad incididunt ut magna consectetur ipsum exercitation dolore lorem.,delivered,2025-12-23,2025-02-01
2349,Orange,8.0,Ex in ut ea tempor ipsum veniam ut elit minim ut.,ordered,2026-02-12,2025-06-09
1224,Mango,N/A,Veniam commodo nostrud ut nisi et sed aliqua voluptate et laboris et minim.,delivered,2025-02-16,2026-05-16
1118,Apple,45.0,Minim do ea reprehenderit do labore amet sed lorem.,shipped,2025-07-14,2025-02-18
2236,Apple,error,Ad ut exercitation aliqua duis dolor ut ut aliquip.,delivered,2026-03-29,2025-03-06
2947,banana,12.5,Ut duis irure lorem dolor ut ut commodo ea.,delivered,2026-01-09,2025-06-07
1798,Orange,45.0,Labore in laboris eiusmod aliquip commodo in ut commodo adipiscing ad ex dolore in.,ordered,2025-04-01,2025-05-10
2376,ORANGE,N/A,Commodo sit exercitation elit aute commodo sit amet ad ullamco quis voluptate duis commodo.,shipped,2026-02-08,2025-11-23
1924,banana,error,Dolor ut elit nisi ut incididunt sit minim commodo nisi laboris.,shipped,2025-03-29,2025-08-07
1782,Apple,N/A,Reprehenderit nisi adipiscing sed consequat ullamco amet nostrud ut in aliqua incididunt.,ordered,2025-10-14,2026-05-24
2923,orange,error,Laboris elit in tempor minim sed ut reprehenderit irure amet ut.,packed,2026-02-03,2025-01-12
1400,Orange,5.5,Dolore incididunt dolor ipsum quis voluptate laboris enim amet veniam ea dolore aliquip dolore.,delivered,2026-03-08,2026-05-10
2411,orange,22.99,Reprehenderit ad ipsum veniam duis dolore dolor incididunt ad.,packed,2025-02-15,2025-08-20
2814,ORANGE,22.99,Incididunt labore magna exercitation enim amet exercitation magna ut irure ex exercitation lorem ea.,shipped,2025-02-03,2026-05-14
2321,Orange,N/A,Consectetur consequat voluptate ut nostrud nisi consectetur dolor aute quis.,ordered,2025-07-12,2026-02-11
2115,ORANGE,22.99,Reprehenderit ut elit reprehenderit dolor dolor eiusmod irure aliquip ea labore.,packed,2026-02-16,2025-01-04
1287,ORANGE,8.0,Quis dolor ipsum ut ut commodo minim adipiscing duis nostrud sed.,shipped,2025-08-25,2026-05-31
2694,banana,N/A,Duis ullamco lorem et eiusmod commodo duis enim labore eiusmod quis ea ut.,ordered,2025-01-27,2025-06-16
2504,orange,error,Dolor ex adipiscing veniam sed quis et in.,delivered,2025-01-13,2025-08-14
1694,APPLE,5.5,Ad ad duis ut sed labore ad dolor.,shipped,2025-03-17,2025-05-13
1519,mango,12.5,Amet dolore veniam do ullamco veniam ut eiusmod dolore tempor.,delivered,2026-02-18,2026-04-14
1951,mango,12.5,Dolore do ut reprehenderit duis in commodo ut.,packed,2025-03-23,2026-04-29
2557,Banana,12.5,Do tempor commodo ex aliquip ut dolor voluptate irure.,shipped,2025-12-15,2025-04-30
2596,Orange,error,Incididunt minim ipsum ut aute aliqua commodo duis veniam voluptate dolore duis.,shipped,2025-06-16,2026-05-11
1105,Apple,100.0,Quis irure commodo magna consectetur amet enim voluptate enim ut ut incididunt aliquip magna.,delivered,2025-06-03,2026-04-12
1310,ORANGE,22.99,Quis incididunt labore in nisi ex quis exercitation tempor nisi minim et magna.,delivered,2026-01-24,2025-07-06
2888,mango,8.0,Minim in ea enim exercitation aute aute irure aliqua.,shipped,2026-04-25,2025-02-11
2550,Banana,22.99,Dolore ad nostrud aute commodo dolor dolor ea dolor.,delivered,2025-09-02,2026-01-02
1252,ORANGE,22.99,Sed commodo magna reprehenderit laboris elit sed do nisi.,packed,2025-02-23,2025-05-27
1441,APPLE,N/A,Incididunt lorem magna ut ipsum duis in quis reprehenderit ut.,ordered,2026-02-13,2025-12-19
2340,ORANGE,N/A,Aliqua aute ut adipiscing ut consectetur labore enim consequat ipsum.,delivered,2025-09-29,2025-09-17
2087,apple,100.0,Minim ea labore amet reprehenderit ullamco ex minim lorem elit.,shipped,2025-11-15,2025-05-27
2084,Orange,100.0,Reprehenderit magna voluptate reprehenderit et commodo enim duis in.,delivered,2026-02-11,2025-01-29
2390,ORANGE,12.5,Aliquip in elit eiusmod sit enim irure amet reprehenderit.,shipped,2026-02-15,2026-03-01
2889,Banana,45.0,Commodo quis ea adipiscing irure ad consequat ut eiusmod adipiscing ut et.,delivered,2025-06-27,2025-04-26
1970,APPLE,22.99,Incididunt aliqua eiusmod ex veniam ad enim lorem sit ipsum.,delivered,2025-11-16,2025-12-13
2402,orange,45.0,Adipiscing adipiscing ut ex sit irure et et.,shipped,2025-03-10,2026-02-12
1564,apple,5.5,Consectetur aute dolor aute tempor magna aute ut aliquip ea et magna.,delivered,2025-09-16,2025-10-10
1349,Orange,N/A,Aliquip dolor minim ex incididunt veniam in sed lorem reprehenderit ad ad irure nisi.,packed,2026-02-12,2025-01-11
1872,Orange,8.0,Tempor ut nostrud do magna sit aliquip minim ad amet ullamco lorem et aliquip.,delivered,2026-05-24,2026-05-10
2370,ORANGE,12.5,Consectetur sit consectetur consectetur quis veniam ut consectetur do adipiscing quis duis.,shipped,2025-07-22,2026-05-04
2199,Mango,45.0,Dolor labore reprehenderit ullamco et ut consectetur aliqua do nostrud ut incididunt.,packed,2025-01-20,2026-04-23
1684,Apple,error,Duis voluptate reprehenderit dolor incididunt commodo consequat nostrud adipiscing consectetur nostrud minim veniam.,ordered,2025-07-02,2025-11-04
2337,APPLE,5.5,Ut ex ullamco ut ut elit ex incididunt ullamco sed aute duis exercitation.,delivered,2026-05-23,2025-06-18
2236,mango,100.0,Amet irure ex duis do minim nisi ipsum adipiscing dolor dolor.,packed,2025-10-04,2025-01-20
2312,banana,45.0,Enim aute reprehenderit exercitation aliquip quis lorem dolor ut enim.,delivered,2026-03-02,2025-05-11
1589,ORANGE,22.99,Nisi reprehenderit consequat consectetur tempor adipiscing ipsum magna nostrud dolor ex.,shipped,2025-03-02,2025-04-13
2390,Mango,45.0,Eiusmod in amet ut consequat magna dolor tempor reprehenderit labore quis.,ordered,2025-01-12,2025-03-09
2068,banana,45.0,Commodo do labore minim aliquip ut ut adipiscing veniam eiusmod commodo ex.,shipped,2026-03-04,2026-03-02
2866,Apple,5.5,In voluptate eiusmod nostrud ea elit ea elit incididunt aliquip eiusmod ut ipsum sed.,ordered,2025-02-08,2025-02-26
1885,banana,5.5,Dolor duis ut adipiscing ad eiusmod aliquip ut tempor in ut.,shipped,2025-06-30,2025-09-12
1255,mango,5.5,Adipiscing ut dolor aliqua in commodo tempor quis exercitation ut do quis.,ordered,2025-10-11,2025-11-24
2748,Banana,45.0,Voluptate labore minim veniam do ut eiusmod commodo ad irure eiusmod in do labore.,packed,2025-02-21,2025-07-05
1471,mango,error,Duis adipiscing ex in lorem quis dolore ut.,delivered,2025-06-11,2025-02-26
1495,Banana,100.0,Ut sit dolor eiusmod consectetur amet ipsum ut.,shipped,2026-01-01,2025-11-29
2094,Apple,12.5,Nostrud reprehenderit ullamco ut tempor adipiscing ullamco nisi incididunt labore ut sit exercitation et.,shipped,2025-03-31,2025-05-15
1656,Banana,12.5,Ea sit sit eiusmod voluptate reprehenderit labore lorem ut do nisi.,shipped,2025-03-12,2026-04-27
1225,Mango,5.5,Ex et in irure dolore commodo elit minim ullamco voluptate magna lorem ea consectetur.,delivered,2025-05-18,2025-03-18
2374,apple,100.0,Aliqua ut lorem ea ut in ut incididunt dolor exercitation laboris ad et.,delivered,2026-04-02,2026-04-17
2796,orange,error,Nisi nisi aliqua dolor ad ex nostrud amet sit.,shipped,2026-03-04,2025-04-09
2739,Orange,N/A,Adipiscing consequat minim veniam veniam sed incididunt reprehenderit dolore amet in veniam.,ordered,2026-02-22,2026-04-30
2449,apple,100.0,Minim nisi in in ipsum et ipsum nostrud.,shipped,2026-02-14,2025-06-14
1778,Apple,45.0,Ipsum enim adipiscing enim consequat aliquip voluptate amet laboris aute ut ullamco.,delivered,2025-08-04,2025-12-27
1860,banana,12.5,Minim aliquip ut ipsum minim dolor magna ut irure ex nostrud.,shipped,2025-04-16,2025-09-19
1709,banana,N/A,Ut sit dolore tempor ipsum aliqua minim aliquip ut dolor quis.,delivered,2025-04-14,2025-03-28
1870,banana,100.0,Ipsum laboris commodo consequat sed ut dolor sit dolor exercitation aliqua.,packed,2025-01-17,2025-02-03
1275,Mango,100.0,Labore commodo eiusmod enim enim commodo lorem sed dolore nisi enim.,packed,2026-03-02,2025-04-21
1760,banana,5.5,Adipiscing duis adipiscing laboris consectetur dolore consequat labore ipsum dolor labore nostrud ipsum.,ordered,2025-08-02,2026-05-23
1822,Apple,N/A,Ad consectetur dolore dolore lorem commodo ea eiusmod do laboris ipsum quis.,shipped,2025-08-17,2025-11-17
1322,APPLE,error,In voluptate ad reprehenderit tempor aliqua quis reprehenderit magna voluptate magna dolore.,delivered,2025-07-19,2026-01-03
1204,apple,22.99,Adipiscing adipiscing ea ullamco dolor elit eiusmod consectetur irure.,shipped,2025-02-09,2026-01-17
1782,Apple,5.5,Duis in elit sit et quis ipsum tempor dolor duis elit aute aute lorem.,ordered,2026-02-27,2026-02-17
1883,Orange,8.0,Elit quis enim veniam ea enim exercitation nostrud dolore sed sit adipiscing dolore ut.,shipped,2025-11-07,2025-11-07
1318,Orange,45.0,Commodo tempor veniam eiusmod veniam dolore aliquip eiusmod ut.,delivered,2025-03-20,2025-11-04
1751,Orange,N/A,Duis aute dolor ipsum adipiscing nisi ullamco commodo.,shipped,2025-05-05,2025-09-12
2371,APPLE,22.99,Dolore ipsum ut ea sit ad consequat consectetur.,ordered,2025-05-09,2025-11-19
2734,mango,45.0,Aliquip magna veniam ea incididunt reprehenderit do sit amet ex.,ordered,2025-04-24,2025-04-17
1639,Orange,100.0,Nisi do ut amet aute laboris ut ut.,shipped,2026-03-01,2025-01-02
2172,banana,12.5,Voluptate dolore amet laboris ad minim dolor sed tempor commodo ex dolore ut consectetur.,packed,2026-04-14,2025-12-02
2354,Apple,error,Dolor aliquip ipsum do voluptate ut tempor exercitation exercitation reprehenderit ut nostrud do exercitation.,packed,2026-02-07,2025-10-23
1182,ORANGE,22.99,Sit consequat lorem elit ex ut eiusmod dolor ullamco ipsum.,delivered,2026-02-11,2025-09-05
1179,Orange,8.0,Voluptate nostrud ullamco incididunt ea elit do ipsum.,shipped,2025-01-22,2025-03-04
1575,Apple,error,Magna nostrud aute dolore ullamco nostrud minim tempor eiusmod dolor lorem ullamco.,delivered,2025-04-20,2025-01-26
1109,Apple,5.5,Ex ut in ex do enim quis ut.,packed,2025-07-26,2025-02-07
1909,apple,8.0,In sit amet ut aliqua dolor ipsum exercitation.,packed,2025-04-06,2025-10-02
1586,banana,8.0,Et duis aliqua incididunt do laboris minim laboris aliquip voluptate dolor dolore adipiscing quis.,ordered,2026-05-07,2025-01-28
2676,Banana,N/A,Eiusmod lorem in dolor exercitation commodo nostrud dolore magna labore.,delivered,2025-04-25,2026-05-05
2326,Apple,N/A,Voluptate do quis ut aliqua dolor tempor ad.,packed,2025-07-20,2025-12-24
2732,apple,22.99,Labore laboris consequat adipiscing enim commodo veniam laboris tempor sit dolor eiusmod quis commodo.,delivered,2026-02-04,2026-03-27
2919,Orange,22.99,Et quis amet aute consequat ut consectetur aute.,ordered,2026-02-02,2025-05-20
1694,Orange,22.99,Commodo veniam sed aute ex dolore magna consequat veniam nostrud lorem in laboris.,shipped,2026-01-05,2026-05-13
1010,Banana,N/A,Laboris enim duis amet veniam dolore reprehenderit nostrud adipiscing ut.,ordered,2025-12-04,2025-01-25
2272,ORANGE,22.99,Lorem laboris ea commodo amet ea dolor consequat.,delivered,2025-03-17,2026-03-02
1144,APPLE,5.5,Quis ea reprehenderit ex exercitation sit in duis lorem.,packed,2025-07-17,2025-11-07
2363,mango,12.5,Nisi in dolor consequat duis enim sed in sit tempor tempor consectetur nisi in.,delivered,2025-09-08,2026-02-27
2753,Mango,100.0,Aliqua exercitation consectetur sit voluptate veniam aute lorem do sit aliquip magna incididunt.,delivered,2026-01-29,2025-03-06
2306,Banana,12.5,Sed tempor consectetur exercitation exercitation aliqua sed dolor exercitation.,ordered,2026-02-28,2026-04-19
1889,banana,12.5,Eiusmod do quis dolor quis do elit labore ea minim irure ullamco magna ut.,ordered,2025-06-29,2026-01-25
2818,APPLE,N/A,Nostrud exercitation exercitation ut duis in ut dolor magna tempor incididunt.,shipped,2025-09-12,2026-03-16
2570,apple,22.99,Amet reprehenderit amet ut reprehenderit do aliqua ipsum ut ipsum quis enim.,shipped,2025-11-21,2025-12-23
2216,Orange,22.99,Irure ea minim dolor dolor dolor quis nisi lorem aliquip reprehenderit reprehenderit enim.,ordered,2026-02-27,2025-07-02
2815,mango,22.99,Lorem adipiscing ut incididunt veniam lorem exercitation labore exercitation quis ad ea aliquip.,packed,2026-01-03,2026-05-16
2746,APPLE,100.0,Labore quis ullamco adipiscing ut tempor sit dolor nisi voluptate reprehenderit ut do minim.,packed,2025-12-30,2026-02-07
2961,Apple,22.99,Amet et veniam aliquip adipiscing sed commodo veniam.,shipped,2026-02-12,2025-09-13
1065,apple,45.0,Reprehenderit ullamco voluptate quis ad do dolor aute commodo ipsum enim ut.,packed,2025-03-27,2025-06-25
2303,Apple,N/A,Aliqua et dolor veniam adipiscing lorem consectetur dolor ut lorem incididunt veniam eiusmod.,ordered,2026-03-24,2025-06-14
2003,APPLE,22.99,Irure ullamco labore adipiscing aliquip labore labore nisi lorem reprehenderit irure ipsum amet ut.,shipped,2025-05-12,2025-05-12
1879,ORANGE,N/A,Dolor do lorem ut consectetur ut adipiscing laboris do ut sed tempor adipiscing.,shipped,2025-07-22,2026-04-13
1677,Banana,8.0,Ea adipiscing reprehenderit ipsum exercitation aute ut do aliqua irure aliqua.,delivered,2026-04-28,2025-11-09
1018,Banana,N/A,Lorem dolore dolor dolor lorem amet dolore quis lorem nisi incididunt ea labore ipsum.,shipped,2025-04-08,2026-05-17
1833,banana,45.0,In consequat elit lorem consectetur amet et ut lorem exercitation commodo exercitation.,delivered,2025-04-12,2025-07-19
1250,Mango,45.0,Labore adipiscing eiusmod adipiscing laboris voluptate in ut duis sed ut ut ut.,shipped,2025-10-05,2025-02-28
2955,banana,5.5,Elit labore aute sed et ea sit dolor ea consequat ut.,delivered,2025-07-05,2026-04-20
1912,apple,45.0,Ipsum sit ut minim lorem eiusmod eiusmod reprehenderit commodo minim commodo.,ordered,2026-04-28,2025-05-01
2713,apple,22.99,Commodo duis ut irure elit voluptate do reprehenderit.,shipped,2025-10-30,2026-01-09
2221,ORANGE,12.5,Aliquip et magna ut ad exercitation duis amet sed ut.,packed,2025-01-19,2025-11-09
2553,Mango,5.5,Reprehenderit ut eiusmod ex nisi sit dolore veniam voluptate duis reprehenderit.,delivered,2025-02-09,2025-04-22
2798,Mango,45.0,Consectetur sed dolore minim ea dolor dolor sed ut.,ordered,2025-05-14,2025-08-21
1014,Apple,error,Irure aliquip ex aliquip quis ex enim irure duis consectetur amet.,shipped,2026-02-08,2025-02-19
2868,Banana,N/A,Nisi ex aute nisi aute adipiscing et ullamco in aute minim minim.,ordered,2025-09-22,2025-08-29
2984,APPLE,5.5,Nisi dolor dolor quis ullamco enim ad incididunt nostrud exercitation ea.,shipped,2025-10-11,2025-11-17
1947,banana,error,Amet reprehenderit ut nostrud consequat aliquip consectetur ullamco dolor incididunt.,packed,2025-11-01,2026-04-08
2700,Mango,8.0,Dolore in aliquip eiusmod quis dolor sed exercitation labore exercitation ut quis dolor.,delivered,2026-01-08,2025-11-18
1922,apple,N/A,Ad magna voluptate veniam dolore minim voluptate do ut ipsum duis nisi dolor.,delivered,2025-04-11,2026-04-23
1953,mango,8.0,Ullamco sed laboris ullamco lorem ad do nostrud adipiscing sed ut ut lorem.,packed,2026-02-23,2025-12-15
1266,apple,100.0,Ex aliquip do ex reprehenderit dolor nisi dolore sed ut ut laboris labore.,ordered,2025-10-19,2026-04-07
1319,banana,12.5,Adipiscing consectetur tempor enim incididunt commodo labore ipsum eiusmod.,shipped,2025-11-18,2026-01-12
1705,Apple,12.5,Ipsum magna enim sit magna ut in commodo quis.,delivered,2026-02-06,2025-04-24
2568,ORANGE,8.0,Quis dolor nostrud reprehenderit adipiscing nisi ex lorem magna ipsum aliquip amet.,packed,2025-06-22,2025-06-03
2856,apple,N/A,Ut ipsum dolore incididunt veniam et laboris in et ut in quis dolor.,delivered,2025-08-06,2025-12-07
1877,Orange,5.5,Enim veniam commodo ut commodo do consectetur magna voluptate quis nostrud.,shipped,2026-02-25,2025-02-06
1059,apple,45.0,Aliquip eiusmod quis ut voluptate consequat in aliqua dolor lorem in elit dolor.,delivered,2026-01-19,2025-12-12
2385,Orange,22.99,Ut exercitation aliqua in ut dolor dolor labore.,ordered,2025-06-26,2025-02-09
1114,Banana,N/A,Ut ipsum aliqua enim elit amet elit sit ullamco nisi.,packed,2025-03-16,2025-06-11
2183,mango,45.0,Lorem labore ipsum sit elit magna aute irure.,packed,2025-05-29,2025-08-27
2336,Apple,5.5,Incididunt ut dolor incididunt quis ad veniam irure ea irure in dolor sed.,packed,2025-01-27,2025-03-23
1342,mango,12.5,Tempor ut et quis consectetur aute ad lorem quis consequat.,ordered,2026-03-13,2025-09-29
1901,ORANGE,error,Voluptate elit ut ut enim eiusmod ad irure tempor aliqua commodo ut tempor ut.,delivered,2026-04-15,2025-02-24
1888,orange,45.0,Minim exercitation reprehenderit adipiscing ut magna dolor nostrud minim voluptate irure nisi.,ordered,2026-01-22,2025-09-21
1244,Apple,12.5,Labore aute sit minim aliqua labore aliquip magna.,ordered,2025-07-26,2025-03-18
2413,mango,22.99,Voluptate reprehenderit quis et dolor enim minim irure aute ex.,shipped,2025-05-17,2026-01-05
1487,Mango,error,Duis commodo sit nostrud voluptate veniam tempor lorem.,delivered,2025-01-03,2025-05-02
1965,Orange,22.99,Aute amet elit enim ullamco aliquip dolor consequat dolor do aliqua.,shipped,2026-03-30,2026-01-24
1927,ORANGE,error,Sit dolor reprehenderit sit dolor quis lorem nisi dolor amet veniam.,shipped,2025-01-29,2025-06-30
1024,Mango,12.5,Labore incididunt enim nisi in do nisi elit sit.,packed,2026-04-27,2026-01-09
2852,APPLE,5.5,Ullamco nisi laboris duis labore do nostrud ut aute voluptate.,shipped,2025-09-18,2025-06-21
1709,ORANGE,22.99,Nisi exercitation aliquip laboris elit incididunt magna amet ea do incididunt in ea.,shipped,2025-04-06,2025-07-12
1488,Apple,N/A,Ut aliqua ex aliquip ea nisi ut minim aliquip irure ex lorem minim labore.,ordered,2026-04-14,2025-11-05
2226,Orange,100.0,Incididunt aliquip minim sit tempor exercitation minim do consequat labore magna incididunt.,ordered,2025-12-31,2026-03-31
1523,banana,100.0,Quis quis aliqua elit dolore eiusmod adipiscing aliqua.,ordered,2025-04-10,2025-04-30
1185,Orange,100.0,Nisi sit minim magna aliqua minim veniam voluptate ut do elit eiusmod consequat magna.,packed,2025-02-23,2026-04-10
2481,Banana,error,In minim aute ipsum adipiscing laboris magna adipiscing exercitation in laboris consectetur labore.,shipped,2025-10-31,2025-06-17
2684,APPLE,5.5,Veniam amet exercitation reprehenderit duis commodo enim nisi exercitation veniam ut dolore incididunt nostrud.,delivered,2025-04-17,2026-05-09
2476,apple,error,Enim commodo elit tempor sit elit labore dolor tempor commodo exercitation irure aliqua.,delivered,2026-05-31,2026-04-11
2207,apple,5.5,Labore tempor minim aute ex reprehenderit eiusmod lorem dolor dolor consectetur.,packed,2026-03-02,2025-01-04
2415,Mango,22.99,Nisi labore voluptate voluptate nostrud eiusmod irure minim ipsum.,packed,2025-10-13,2025-10-21
2613,banana,5.5,Eiusmod ut laboris magna dolor sit et veniam magna ut ut eiusmod.,ordered,2026-04-22,2025-01-29
2346,mango,100.0,Eiusmod ipsum ut do dolore consectetur consectetur ullamco incididunt eiusmod do aliqua.,packed,2026-05-19,2025-03-11
2099,mango,45.0,Incididunt aute et sed dolor commodo consectetur sit veniam lorem.,packed,2026-05-15,2025-02-18
2855,mango,22.99,Ut aute labore aute labore magna do aliqua.,shipped,2025-03-23,2025-01-30
1338,apple,45.0,Consectetur in dolor minim veniam aliqua ipsum dolor consequat exercitation.,delivered,2025-11-14,2025-06-29
2099,apple,45.0,Duis voluptate ut ipsum adipiscing eiusmod laboris duis elit exercitation veniam irure sit.,packed,2025-08-03,2025-06-13
2879,Orange,N/A,Aliqua dolore aliqua incididunt ea dolor ex veniam consectetur in ut ea sed adipiscing.,delivered,2026-01-23,2025-01-30
2479,Banana,45.0,Ad dolor ut do tempor reprehenderit reprehenderit lorem.,packed,2025-08-22,2025-08-16
1544,Mango,100.0,Eiusmod irure elit reprehenderit consectetur commodo duis ad ut ipsum eiusmod.,packed,2025-12-14,2026-01-01
2445,APPLE,5.5,Dolor consectetur ut ex laboris consectetur veniam consequat commodo.,ordered,2025-11-16,2025-06-17
2615,banana,12.5,Aliquip adipiscing labore incididunt magna nostrud ea nisi voluptate commodo irure voluptate ullamco incididunt.,ordered,2026-03-02,2026-05-04
2988,apple,8.0,Ea aliqua ea incididunt aute ut minim duis voluptate labore.,ordered,2025-11-01,2025-10-13
2054,banana,22.99,Ex sed ut exercitation sit nisi incididunt nostrud et enim nisi.,ordered,2025-01-11,2026-03-10
2825,ORANGE,N/A,Exercitation in nostrud nostrud duis reprehenderit aliqua ipsum magna ullamco nostrud sed sit.,ordered,2025-08-19,2025-09-08
2179,apple,12.5,Consectetur aliquip ad sit ex adipiscing do et veniam dolor irure veniam voluptate.,ordered,2025-01-18,2025-04-30
1749,Banana,N/A,Incididunt commodo labore ut consectetur laboris ad ad ut voluptate dolor.,shipped,2026-03-18,2026-01-12
1947,APPLE,error,Reprehenderit labore labore quis reprehenderit ipsum labore irure eiusmod ullamco.,packed,2025-03-26,2026-03-30
1234,banana,100.0,Incididunt sit do labore adipiscing ut aliquip laboris et commodo dolor ut laboris minim.,packed,2025-03-18,2026-02-08
2331,Mango,8.0,Dolor ullamco elit incididunt dolor ad ut ut dolor sed ea laboris enim dolore.,shipped,2026-04-20,2025-07-27
1052,apple,45.0,In sed aliquip nisi eiusmod aliquip sit elit voluptate aute.,shipped,2025-01-10,2025-06-27
2193,Banana,22.99,Incididunt consequat ea quis sit commodo sit veniam ipsum.,packed,2025-12-29,2026-05-05
2170,Mango,12.5,Ipsum dolor enim dolor sit commodo laboris irure ut magna sit irure sit.,ordered,2025-07-28,2025-11-06
2517,Banana,error,Ad et dolor do ex exercitation nisi irure aliqua magna elit eiusmod consequat amet.,ordered,2025-06-04,2025-01-27
2583,ORANGE,8.0,Ut ad voluptate ipsum incididunt duis quis adipiscing minim nostrud veniam ullamco ut.,delivered,2026-02-27,2025-11-06
2657,Mango,45.0,Consectetur quis nisi aute ipsum adipiscing laboris sed dolore.,packed,2025-04-07,2026-03-29
2964,ORANGE,N/A,Aliqua aute magna dolor incididunt dolor aute voluptate dolor sit duis do veniam quis.,ordered,2026-05-06,2025-10-25
1073,Mango,12.5,Eiusmod sed adipiscing ex voluptate tempor commodo nostrud.,delivered,2025-01-29,2026-05-20
1156,banana,5.5,Dolore dolor ut ut ex adipiscing ut laboris adipiscing sit dolore ex consectetur ipsum.,packed,2026-05-25,2026-05-31
2491,orange,8.0,Reprehenderit laboris reprehenderit dolor ea nisi aliqua duis ipsum sed duis exercitation duis.,packed,2025-03-03,2026-03-11
1817,Apple,12.5,Labore exercitation magna nostrud duis magna nisi eiusmod.,packed,2025-09-11,2025-08-12
2413,Apple,12.5,Ad aliquip ut consequat ea quis aute dolor.,ordered,2026-03-07,2025-07-22
1511,ORANGE,N/A,Do ipsum ex labore minim ad incididunt nisi nisi veniam.,packed,2025-09-07,2026-04-25
1686,APPLE,12.5,Quis sed minim irure dolor duis adipiscing dolore in aliquip et voluptate amet exercitation.,ordered,2026-03-07,2025-01-25
2973,Banana,error,Aute ea eiusmod ad quis sed ut sed aute duis sed in.,ordered,2025-02-03,2025-09-22
2423,Banana,22.99,Aliqua minim magna irure tempor aliqua enim ut amet do.,ordered,2025-05-14,2025-02-09
1819,Banana,8.0,Labore irure quis enim ipsum tempor minim lorem amet ex tempor.,ordered,2026-01-14,2026-03-26
1365,apple,8.0,Ut do dolore dolor magna dolore amet dolore ipsum sed dolore sit exercitation.,delivered,2025-01-23,2025-12-07
1699,Mango,error,Reprehenderit dolor elit magna reprehenderit dolore ex dolor in reprehenderit voluptate.,delivered,2026-04-08,2025-04-02
1546,Orange,N/A,Aute nisi ullamco ut voluptate duis et magna aliqua lorem.,ordered,2025-03-30,2025-04-05
2230,mango,45.0,Ad adipiscing do minim commodo enim tempor consectetur amet.,delivered,2025-08-01,2026-02-04
2633,apple,N/A,Et ea dolor quis duis ullamco lorem ea sed ipsum ut quis.,delivered,2026-01-05,2025-02-03
2113,orange,8.0,Magna nisi tempor irure ea lorem tempor minim eiusmod.,shipped,2025-07-13,2026-05-01
2664,Apple,12.5,Nisi elit enim quis ut quis aute consectetur.,packed,2025-12-30,2025-09-19
1583,APPLE,22.99,Quis incididunt consequat voluptate ex enim nisi reprehenderit duis consectetur labore.,ordered,2025-01-13,2025-04-25
1849,orange,5.5,Tempor ut laboris incididunt ex nostrud eiusmod laboris consequat.,packed,2025-08-22,2025-06-16
1865,banana,5.5,Sit reprehenderit duis dolor ut enim reprehenderit amet nisi exercitation ullamco labore magna.,ordered,2025-09-03,2025-02-11
2753,banana,error,Incididunt ut duis elit ut ullamco irure eiusmod ut ea ea irure.,packed,2025-08-07,2026-05-10
1346,apple,5.5,Et magna ad voluptate consectetur sed dolor magna labore tempor ut ut amet.,ordered,2025-12-16,2025-05-14
2809,orange,5.5,Nisi minim nostrud sit aliquip lorem aliquip consectetur.,delivered,2025-05-03,2025-03-19
1615,mango,error,Dolore ullamco reprehenderit voluptate duis eiusmod ex ut commodo elit.,shipped,2026-05-17,2025-08-06
2965,apple,100.0,Elit ad aliquip enim incididunt nisi reprehenderit ad lorem enim quis consectetur adipiscing.,packed,2025-06-26,2025-12-09
2907,orange,45.0,Ex aliquip veniam ipsum reprehenderit ex magna quis.,ordered,2026-02-23,2026-02-20
1843,Orange,45.0,Aliqua dolor duis veniam do quis voluptate ut magna magna consequat minim.,ordered,2025-01-02,2025-01-15
1386,Apple,12.5,Ex nostrud voluptate ut commodo enim ea minim minim aliquip dolor ut aliqua commodo.,packed,2025-06-18,2025-02-07
2021,Orange,N/A,Ad nostrud laboris nisi ad ut aliqua magna nisi exercitation.,shipped,2025-03-02,2026-05-02
2635,banana,error,Labore ut consectetur enim et tempor ea ad ad ut nostrud ad quis lorem.,ordered,2025-07-18,2025-11-11
1683,ORANGE,45.0,Elit reprehenderit magna voluptate do do duis dolore.,shipped,2025-12-20,2025-06-25
2951,Mango,5.5,Eiusmod exercitation ut ipsum voluptate ex consequat ea ipsum.,delivered,2025-08-21,2025-12-10
1177,mango,100.0,Ullamco tempor magna enim consectetur labore veniam enim ullamco.,ordered,2025-03-05,2026-01-02
2721,Banana,22.99,Dolor magna in sed ad do voluptate consectetur minim et magna ea ea.,packed,2026-04-22,2025-05-24
2833,Banana,5.5,Elit labore quis amet eiusmod do enim ex ut irure lorem nisi ut.,packed,2025-09-15,2025-02-04
1418,Apple,12.5,Sed eiusmod ex nisi ullamco veniam commodo do incididunt magna.,ordered,2025-05-11,2026-01-04
2322,Apple,12.5,Ut aliqua nostrud commodo ullamco et in nisi enim aliqua.,delivered,2025-01-17,2026-01-31
1605,Mango,100.0,Ut consequat adipiscing et laboris veniam do exercitation adipiscing incididunt.,shipped,2025-07-31,2025-05-29
2288,Apple,N/A,Reprehenderit reprehenderit aliqua minim exercitation tempor reprehenderit minim veniam ullamco quis do ut.,delivered,2025-08-11,2025-08-05
1164,Mango,12.5,Elit nostrud dolore nostrud laboris reprehenderit commodo ea nisi.,ordered,2025-05-11,2025-12-06
1023,mango,22.99,Aute aliquip minim ullamco ex magna ut voluptate ad enim aute.,delivered,2025-09-10,2025-05-26
2145,APPLE,100.0,Exercitation irure lorem minim elit adipiscing enim elit amet et ex eiusmod nisi.,shipped,2025-07-30,2026-03-01
1466,APPLE,error,Labore nostrud lorem veniam labore ea incididunt et ea laboris sed enim.,delivered,2025-08-11,2025-02-02
1109,ORANGE,8.0,Laboris aliquip in in dolore dolore nisi reprehenderit.,shipped,2026-02-04,2026-04-18
1419,ORANGE,45.0,Sed dolor ut quis nostrud dolor laboris lorem amet consectetur nostrud ut minim.,delivered,2025-01-24,2026-03-29
1425,ORANGE,22.99,Ut ex ea veniam quis nisi laboris minim exercitation ullamco.,shipped,2025-04-04,2026-05-11
1882,Orange,12.5,Sed amet magna dolor ea laboris et in amet incididunt ex consequat.,shipped,2026-03-05,2026-03-22
2968,APPLE,error,Dolor commodo nisi reprehenderit veniam ea aute ex ea in.,shipped,2025-05-14,2026-05-29
2932,APPLE,12.5,Labore aliqua dolor sit sed veniam irure aliquip ut nostrud dolor veniam eiusmod.,delivered,2025-10-08,2025-09-09
2669,banana,100.0,Exercitation magna ut do ipsum adipiscing ut adipiscing.,ordered,2026-02-04,2025-10-15
1805,APPLE,45.0,In incididunt aute et minim nostrud elit amet consequat nisi.,delivered,2025-02-02,2025-08-29
2033,Apple,8.0,Minim ipsum labore ut exercitation dolore lorem incididunt.,ordered,2025-08-06,2026-05-04
1824,banana,5.5,Ut aliquip nostrud laboris aute aliqua sed amet labore voluptate.,packed,2026-02-19,2025-11-17
1719,apple,22.99,Ad dolor sit quis ullamco ipsum consequat consectetur minim do do consectetur veniam.,delivered,2025-01-02,2025-04-13
2668,Banana,100.0,Ex ex ipsum nostrud ea enim ea lorem voluptate irure.,ordered,2025-07-08,2025-10-29
2660,Mango,5.5,Reprehenderit sit dolore dolor ex laboris sit incididunt.,ordered,2025-07-14,2026-02-15
2280,Mango,12.5,Labore quis laboris aliquip nostrud consequat quis minim sit aliqua.,delivered,2025-03-20,2026-05-10
1015,apple,12.5,Ut in nostrud sed elit consequat reprehenderit quis ut ea in et ad.,ordered,2026-03-09,2025-03-27
1314,APPLE,N/A,Commodo sit sed quis elit consectetur quis in ea.,shipped,2025-02-12,2025-02-23
2932,Banana,5.5,Nisi in enim et veniam dolore ut eiusmod lorem magna dolor dolor in elit.,delivered,2025-05-15,2025-02-03
2330,Banana,12.5,Nostrud consequat in aliqua ad amet amet veniam dolor ullamco veniam.,ordered,2025-05-15,2025-08-24
2791,APPLE,N/A,Dolor ut nostrud ex ea quis dolor dolor ea.,packed,2025-04-28,2025-10-19
2671,Mango,22.99,Laboris ad exercitation duis amet lorem nostrud dolore amet ex duis dolor.,shipped,2026-01-03,2025-02-01
1704,ORANGE,8.0,Adipiscing dolor do aliqua minim magna tempor amet.,ordered,2025-09-17,2025-09-19
2530,mango,12.5,Ut nisi ad amet ipsum ea duis tempor quis tempor quis et.,delivered,2025-01-12,2025-12-07
2697,apple,12.5,Consequat nisi ut labore aliqua veniam nisi ullamco dolor labore laboris.,delivered,2025-09-22,2025-05-26
2245,banana,8.0,Adipiscing exercitation lorem exercitation ut duis ullamco dolor elit duis.,shipped,2026-04-11,2026-02-20
2541,mango,8.0,Commodo sed amet in reprehenderit ad minim ullamco consectetur voluptate laboris dolore.,shipped,2025-01-15,2025-05-18
2978,mango,45.0,Commodo reprehenderit sit ex dolore ea veniam aliqua ea ut minim tempor.,delivered,2026-02-27,2026-05-10
2332,Orange,8.0,Et adipiscing ad ad nisi ipsum dolor et in in sed.,packed,2025-11-27,2025-06-01
1560,ORANGE,N/A,Adipiscing consequat dolore ipsum minim ex minim exercitation nostrud aute.,delivered,2025-07-04,2025-04-21
1741,Orange,100.0,Adipiscing exercitation dolor irure labore ea sed consectetur tempor dolor lorem exercitation consequat do.,packed,2025-09-06,2025-06-03
1259,orange,12.5,Sit adipiscing aute tempor tempor aliquip aliquip commodo tempor ut commodo incididunt.,ordered,2026-05-13,2025-08-16
1543,Banana,5.5,Enim ex adipiscing aute ipsum adipiscing dolor aliqua minim do do exercitation quis nisi.,ordered,2026-05-30,2025-04-22
2337,Orange,12.5,Nisi dolore aute adipiscing magna voluptate minim exercitation commodo commodo nisi et enim reprehenderit.,shipped,2025-05-11,2026-03-04
1436,banana,45.0,Ex voluptate consequat adipiscing ut ex consectetur ut labore.,ordered,2026-04-23,2025-07-11
2133,Orange,100.0,Voluptate eiusmod et veniam minim ad enim lorem.,shipped,2026-03-28,2026-02-11
1968,mango,22.99,Ut minim veniam reprehenderit incididunt ut consequat ut aliquip consectetur exercitation.,shipped,2025-08-01,2025-03-15
2400,Banana,22.99,Et sed et ex consectetur consectetur laboris ipsum duis ut in tempor.,shipped,2025-08-14,2025-01-04
2301,orange,12.5,Dolore tempor incididunt adipiscing ea nostrud in et ut tempor sed dolor commodo duis.,ordered,2025-05-06,2026-01-07
1464,Banana,N/A,Ea in elit aliqua exercitation ipsum ipsum ipsum sed ullamco.,packed,2025-10-29,2025-11-05
2228,APPLE,5.5,Aliquip veniam et veniam magna dolor minim ad duis enim.,delivered,2025-02-24,2025-05-14
1236,Mango,45.0,Exercitation do aliqua dolor minim ad incididunt aute in do consectetur.,packed,2025-07-10,2025-08-23
2783,APPLE,100.0,Veniam dolor aliqua incididunt sed consectetur ut in aliquip irure.,packed,2026-02-10,2026-04-20
1634,Apple,5.5,Duis tempor ut do dolore duis voluptate et lorem laboris ut reprehenderit consectetur.,packed,2025-05-04,2025-07-05
2612,apple,45.0,Quis dolor duis ad aute veniam enim ea.,delivered,2025-05-17,2026-03-13
1535,Banana,N/A,Duis irure aliquip et nostrud duis quis laboris ipsum.,delivered,2026-02-15,2026-02-11
1066,banana,100.0,Amet sed laboris tempor voluptate minim aliquip quis voluptate.,ordered,2025-04-26,2025-11-13
2761,mango,100.0,Adipiscing tempor consectetur aute ex enim nisi enim.,ordered,2025-11-11,2025-08-19
2616,mango,error,In amet nisi aliquip quis dolor aliquip consequat commodo ut quis tempor sit.,packed,2026-05-27,2025-07-22
2887,orange,N/A,Duis sed nisi labore ad ad ut minim enim et do ea aliqua sed.,shipped,2025-04-02,2026-05-13
1526,APPLE,8.0,Labore ea voluptate ipsum veniam veniam incididunt aliqua ad consectetur sed exercitation.,delivered,2026-02-20,2025-04-28
1744,Orange,12.5,Sit do amet ut reprehenderit ut elit sed.,shipped,2026-05-27,2025-06-10
2552,orange,error,Nostrud sit aute minim dolore commodo dolore consequat consequat consequat ut lorem.,ordered,2025-12-17,2026-05-08
1459,apple,12.5,Ut in dolore laboris dolore elit ipsum nisi consectetur commodo ex.,delivered,2025-07-05,2026-03-19
1625,Banana,45.0,Et commodo quis aliqua adipiscing tempor et voluptate.,ordered,2026-01-08,2026-01-06
2873,Apple,N/A,Ea ad lorem amet labore nisi amet reprehenderit nisi.,packed,2025-07-07,2026-02-28
1009,APPLE,22.99,Labore ad nisi aute nisi aliqua dolor dolor minim laboris enim in.,delivered,2026-05-06,2025-10-28
2698,Banana,N/A,Magna tempor ad elit sed ad duis laboris irure ex et dolore aute tempor.,shipped,2026-04-01,2026-02-01
1788,APPLE,error,Nostrud tempor ut sit et ullamco aliquip tempor ut eiusmod ut ipsum ullamco eiusmod.,shipped,2025-09-05,2026-03-30
2014,ORANGE,12.5,Aliquip nisi ex exercitation ut do exercitation labore ipsum aliqua consequat incididunt.,ordered,2026-05-09,2025-01-08
1767,Banana,N/A,Aliquip et magna sed aliquip consectetur magna dolore reprehenderit.,ordered,2025-10-11,2025-01-30
1972,Banana,5.5,Dolor commodo tempor et aliquip dolore elit voluptate tempor.,ordered,2025-11-18,2025-04-16
1093,ORANGE,22.99,Minim aute ut nostrud sed irure dolor enim ullamco tempor.,delivered,2026-03-19,2025-02-08
1507,Banana,45.0,Sed ea exercitation tempor labore adipiscing dolor reprehenderit quis consequat sit.,ordered,2025-01-22,2025-07-03
2286,Apple,22.99,Enim minim nisi nostrud amet incididunt minim nostrud.,delivered,2026-05-03,2026-04-26
1414,apple,N/A,Aute lorem sit eiusmod irure ut laboris tempor in.,packed,2025-12-16,2025-01-24
2937,Mango,45.0,Ipsum ex ipsum magna minim labore ex dolor sit duis ut.,ordered,2025-06-13,2025-07-06
1489,mango,8.0,Do amet sed ut et ullamco minim incididunt laboris ut reprehenderit dolor eiusmod magna.,delivered,2025-01-10,2025-12-09
2877,apple,12.5,Quis ex ullamco ex duis et irure consequat tempor ad reprehenderit.,packed,2025-11-05,2026-03-28
2087,banana,N/A,Lorem eiusmod duis et do dolor labore incididunt nisi aute aute exercitation enim minim.,ordered,2025-07-13,2025-05-01
2775,Apple,N/A,Laboris dolore voluptate eiusmod in aliqua ex labore exercitation consequat in voluptate irure veniam.,shipped,2025-08-09,2025-01-25
1409,ORANGE,12.5,Exercitation et lorem ut labore aliqua exercitation dolor aliquip adipiscing consequat.,ordered,2025-05-14,2026-02-16
1780,Banana,N/A,Reprehenderit consequat elit eiusmod duis magna tempor lorem.,packed,2025-01-31,2026-03-27
2223,APPLE,8.0,Et commodo duis commodo nisi sed elit consectetur aute ullamco et amet reprehenderit labore.,ordered,2025-10-27,2025-05-12
1410,orange,45.0,Ipsum voluptate duis in consectetur dolor incididunt aute ea ipsum eiusmod reprehenderit dolor.,shipped,2025-11-01,2025-10-22
2451,Apple,N/A,Et ex enim ut sed commodo in adipiscing consequat labore nisi eiusmod.,ordered,2026-01-19,2025-03-28
2097,ORANGE,5.5,Duis sed minim consectetur in duis nostrud aute amet.,shipped,2025-07-09,2026-01-07
1747,Apple,22.99,Minim minim aliquip labore labore ipsum dolor minim quis aliquip duis exercitation duis tempor.,delivered,2026-02-01,2025-04-16
2382,Mango,12.5,Ut incididunt veniam nostrud amet ut ut ipsum quis laboris incididunt ut ipsum dolor.,ordered,2026-03-31,2026-02-27
2219,Mango,100.0,Et ut ea do aute ad sit dolor ex consectetur adipiscing aliqua labore ut.,delivered,2026-05-24,2026-05-20
1556,Mango,45.0,Incididunt ut consectetur minim adipiscing incididunt nostrud commodo enim enim.,ordered,2025-01-18,2026-05-21
1127,banana,100.0,Nostrud incididunt consequat quis aliquip ut tempor ut irure aliqua.,packed,2025-07-22,2025-12-16
2614,mango,5.5,Adipiscing et do irure dolor ea aliqua tempor.,ordered,2026-01-20,2025-11-05
1253,ORANGE,45.0,Adipiscing enim et commodo in consequat in nisi sed amet irure.,ordered,2025-02-27,2025-12-14
1579,Mango,100.0,Eiusmod incididunt et reprehenderit irure et aliqua sed consectetur voluptate reprehenderit laboris.,packed,2026-01-17,2026-05-11
2432,mango,22.99,Dolor consequat exercitation ex incididunt commodo quis ipsum magna ut incididunt sit.,ordered,2026-01-15,2025-12-04
2393,Apple,100.0,Adipiscing exercitation quis nostrud do veniam irure ea exercitation reprehenderit aute laboris aliqua minim.,shipped,2025-01-26,2025-04-01
1068,Mango,100.0,Ex sed sit amet duis elit adipiscing incididunt ipsum ut nisi aliquip ut in.,delivered,2025-09-06,2026-05-27
2203,Orange,45.0,Laboris irure veniam ullamco minim in voluptate dolor.,packed,2025-11-01,2025-10-18
2950,Apple,8.0,Ex ea aliqua eiusmod aute aute commodo aliquip veniam incididunt ut elit sed ex.,delivered,2025-10-27,2026-05-08
1569,ORANGE,22.99,Tempor ipsum ut quis ex ex ex nostrud aliqua eiusmod.,shipped,2025-04-06,2026-05-01
1908,banana,error,Quis ut minim laboris ut in dolore exercitation voluptate quis ut eiusmod.,shipped,2025-12-05,2026-03-24
1826,banana,45.0,Exercitation lorem adipiscing dolore commodo ex duis in commodo.,shipped,2026-02-02,2026-02-04
1856,apple,8.0,Laboris veniam duis quis ea eiusmod ea ullamco.,packed,2025-09-30,2026-01-28
2147,Apple,45.0,Irure do sed enim veniam tempor voluptate nisi dolor.,delivered,2026-05-19,2025-11-05
2447,apple,100.0,Ad dolor tempor labore nostrud nisi dolor ut ea laboris laboris.,shipped,2026-04-17,2026-05-30
1789,apple,12.5,Irure labore duis consectetur magna ex laboris tempor.,shipped,2025-09-28,2025-08-08
2982,mango,N/A,Enim et amet reprehenderit et aute commodo elit dolor.,packed,2025-03-31,2026-03-18
1907,banana,5.5,Amet et dolor labore ullamco sit reprehenderit labore in lorem labore dolore amet.,packed,2025-11-21,2025-11-24
1101,apple,8.0,Tempor sed elit elit quis aute enim aliqua ut sed duis laboris nisi.,ordered,2025-10-13,2025-05-12
1424,Banana,8.0,Magna dolor aliquip ad reprehenderit aliquip ad ipsum.,packed,2025-05-10,2025-03-25
2082,banana,100.0,Irure laboris consequat incididunt consequat magna exercitation lorem duis enim ut.,shipped,2026-03-16,2025-04-08
2960,orange,error,Ut voluptate consequat ipsum in lorem enim aliquip aliquip.,shipped,2025-05-07,2025-08-15
1082,mango,8.0,Nostrud adipiscing irure adipiscing magna nostrud incididunt commodo.,packed,2026-04-16,2025-04-23
1578,Apple,N/A,Adipiscing incididunt sit consectetur incididunt commodo elit aliqua et duis elit sed sit magna.,shipped,2025-12-14,2025-01-23
1857,ORANGE,error,Labore labore aliqua in irure nisi magna irure ex adipiscing aliquip.,ordered,2025-01-08,2025-01-08
2821,Mango,22.99,Enim aliqua lorem ut sit sit elit ut sit dolore aute nostrud.,packed,2025-09-04,2026-01-09
2637,Banana,N/A,Nisi do ullamco et minim aliquip ut reprehenderit aute magna enim dolor ut incididunt.,packed,2025-04-21,2025-08-21
1065,ORANGE,error,Magna tempor ex ea ullamco nisi aliquip quis adipiscing.,ordered,2025-11-08,2025-03-12
2753,orange,100.0,Ut ad ea amet exercitation sed dolore et eiusmod voluptate sed eiusmod ut.,shipped,2025-11-06,2025-07-18
1953,Orange,12.5,Consequat irure consectetur ea tempor ut ut ullamco adipiscing ea lorem reprehenderit.,shipped,2026-03-28,2025-03-04
1227,ORANGE,100.0,Ut exercitation veniam nisi commodo aute dolor exercitation quis enim ut duis veniam.,delivered,2025-04-22,2026-04-10
1775,APPLE,5.5,Ipsum nostrud ad aliquip reprehenderit ea eiusmod ex dolor dolor.,shipped,2026-01-07,2025-03-27
2586,mango,N/A,Ut sit nostrud voluptate dolore ullamco ipsum nostrud consequat.,shipped,2025-02-14,2026-01-30
1717,banana,100.0,Adipiscing aliquip quis in et lorem ad in dolore et quis dolore aute enim.,shipped,2026-03-12,2025-05-31
2336,ORANGE,5.5,Quis consequat magna ex voluptate consequat laboris ea.,ordered,2025-05-05,2026-03-23
2049,Orange,8.0,Voluptate irure ea aliqua lorem ullamco nostrud duis.,ordered,2025-03-10,2026-04-24
1100,Orange,N/A,Ad magna elit ipsum dolor commodo laboris minim ut.,delivered,2026-05-23,2025-02-20
1173,banana,5.5,Nisi ad aute amet quis aliqua laboris aliquip dolor.,shipped,2026-03-21,2025-01-29
2974,Apple,5.5,Ullamco reprehenderit et nisi quis amet nostrud elit ipsum.,ordered,2025-07-29,2026-01-13
1821,Banana,5.5,Incididunt minim laboris elit ipsum ad amet enim tempor commodo minim ullamco sed veniam.,packed,2025-04-26,2026-05-17
2488,Apple,error,Ut voluptate ad exercitation dolore voluptate dolor laboris in laboris ut veniam.,shipped,2026-01-31,2026-04-26
2539,orange,45.0,Adipiscing ipsum sit sed nisi irure aliqua quis adipiscing commodo.,ordered,2025-04-02,2026-03-07
2970,APPLE,N/A,Et nisi do sit ex enim do ut dolore.,packed,2026-05-04,2026-01-18
1475,Banana,100.0,Labore aliqua elit consectetur nisi ea reprehenderit eiusmod ad amet quis magna duis nostrud.,shipped,2026-01-13,2025-05-06
1925,Banana,45.0,Consectetur quis sit ullamco ad labore in commodo quis tempor aliquip duis dolore ex.,ordered,2025-11-20,2025-11-30
2977,Apple,5.5,Enim duis sit incididunt sit consectetur incididunt incididunt ut et ad nisi dolor.,shipped,2026-05-22,2025-12-27
1064,APPLE,45.0,Adipiscing exercitation minim aliquip sed nostrud duis ut et magna aute.,shipped,2025-07-21,2025-07-24
2180,orange,22.99,Dolore consequat ut lorem minim ut lorem quis tempor ea quis dolor.,shipped,2025-04-19,2025-03-03
2609,orange,12.5,Adipiscing enim ex enim exercitation labore duis adipiscing dolor lorem.,ordered,2026-03-02,2025-04-27
1438,ORANGE,N/A,Ut in do ut ad ullamco amet ut ad duis.,shipped,2026-04-15,2026-01-14
1810,Orange,8.0,Voluptate magna duis aute adipiscing sed consequat labore ut magna adipiscing dolor reprehenderit consequat.,shipped,2025-09-14,2026-02-03
2275,ORANGE,45.0,Eiusmod incididunt ad duis ex eiusmod incididunt tempor dolore dolor in exercitation labore.,shipped,2026-04-29,2025-02-20
2476,Orange,22.99,Commodo eiusmod quis duis sit aliqua voluptate et.,delivered,2025-07-14,2025-12-12
1273,orange,error,Ex sit elit dolor elit ullamco enim magna dolore ipsum exercitation aliqua laboris.,ordered,2025-12-10,2025-10-04
1249,Banana,N/A,Sed dolore aliquip lorem minim voluptate nostrud dolor labore aliqua ex ut consectetur.,ordered,2026-01-18,2026-04-30
2123,ORANGE,12.5,Labore aliquip ut elit sit nostrud amet nisi ullamco adipiscing nostrud exercitation ad.,shipped,2025-04-23,2025-10-19
1014,orange,N/A,Minim et ut irure quis quis incididunt elit ut lorem consectetur adipiscing ut amet.,shipped,2025-02-13,2025-06-05
1105,APPLE,error,Ut exercitation ad reprehenderit dolore et incididunt sit veniam ut in nostrud eiusmod.,delivered,2026-04-14,2025-12-01
2944,APPLE,8.0,Ut tempor ullamco consectetur dolor ut commodo ut quis ipsum amet.,packed,2025-03-05,2025-11-19
2807,ORANGE,N/A,Et consequat minim elit reprehenderit incididunt veniam in.,ordered,2025-05-09,2025-06-01
2805,banana,22.99,In enim sit eiusmod ea lorem consectetur eiusmod consequat.,shipped,2025-06-12,2025-09-05
2099,mango,5.5,Ipsum ut dolore ut consectetur dolor sed voluptate in laboris ex ad ut irure.,delivered,2026-04-27,2025-11-06
1106,apple,5.5,Aute sit ut labore commodo duis dolor eiusmod do ipsum commodo.,ordered,2025-01-20,2026-05-20
2979,ORANGE,error,Ut reprehenderit labore elit labore irure aliqua commodo voluptate nostrud sed elit voluptate aliqua.,packed,2025-11-23,2025-07-09
1449,apple,8.0,Veniam commodo ad sed dolore sed laboris elit consequat veniam aliqua lorem irure aliquip.,ordered,2025-10-08,2025-07-04
2332,Banana,100.0,Ea do minim nostrud quis sit sit aliqua quis sed sit.,packed,2025-11-23,2025-09-13
1639,Apple,12.5,Lorem enim duis laboris ad dolore aliquip veniam ea incididunt.,shipped,2026-02-14,2025-07-22
2602,Mango,5.5,Ad ut magna ea eiusmod in commodo dolor et exercitation consequat.,shipped,2026-01-03,2025-10-12
2532,ORANGE,45.0,Nostrud labore sed duis sed ipsum labore dolor incididunt nostrud.,packed,2025-12-29,2025-04-23
2885,orange,12.5,Magna ut amet do aute in do ex aliquip lorem duis aliquip.,shipped,2025-03-08,2026-05-19
1486,Apple,45.0,Eiusmod consectetur aute enim ad commodo aute reprehenderit voluptate.,packed,2025-06-26,2025-08-10
2297,apple,8.0,Minim aliqua irure aute consequat laboris quis do in.,shipped,2026-03-30,2025-11-24
2796,ORANGE,8.0,Irure aliqua ut quis eiusmod duis irure do.,ordered,2025-11-10,2025-07-30
1488,orange,12.5,Ad adipiscing eiusmod consequat aliquip labore reprehenderit irure laboris ipsum eiusmod dolor.,ordered,2025-01-20,2025-09-07
2443,mango,error,In ut nisi dolor consectetur ad ut ut ipsum sit ipsum minim.,delivered,2025-03-06,2026-03-11
2299,apple,5.5,Ut commodo sed ex incididunt exercitation enim dolor lorem laboris reprehenderit incididunt.,shipped,2026-05-23,2025-09-19
1436,Banana,error,Consectetur ipsum et aute commodo incididunt dolore dolor ullamco amet.,ordered,2025-08-29,2025-12-11
1750,Mango,5.5,Ut dolor enim reprehenderit adipiscing nisi nisi nostrud et ex voluptate ut.,ordered,2026-05-16,2026-01-22
2627,orange,5.5,Veniam duis ut aliqua aliquip dolor aute do enim laboris consectetur do veniam.,packed,2026-04-13,2025-06-14
1085,banana,5.5,Ipsum et nostrud ut aliquip magna ad consequat ullamco.,delivered,2025-08-17,2025-10-15
1232,apple,12.5,Reprehenderit quis magna ut nisi eiusmod ullamco amet aute commodo ad.,packed,2025-04-19,2025-11-30
1488,mango,45.0,Et tempor ut sed eiusmod elit sit quis.,shipped,2025-02-01,2026-02-25
1466,apple,100.0,Aliqua ut adipiscing dolor enim ullamco ea sed quis incididunt dolor irure et ullamco.,shipped,2025-08-13,2025-11-24
1546,banana,12.5,Ex dolor ut nisi ut ut ad minim reprehenderit nostrud aute.,packed,2025-04-19,2025-02-02
2516,Orange,5.5,Adipiscing laboris dolor lorem ex ut ex dolor consectetur elit magna nisi et ad.,ordered,2025-10-14,2025-04-08
2930,Orange,error,Aliqua enim minim tempor tempor reprehenderit consectetur incididunt consequat reprehenderit dolor tempor.,delivered,2026-04-27,2025-03-26
1235,Orange,8.0,Ut ea do adipiscing ut dolor incididunt incididunt ea ipsum eiusmod ut.,delivered,2026-03-10,2026-05-10
2346,banana,12.5,Do ea tempor reprehenderit minim amet ut exercitation aute ad nostrud adipiscing magna quis.,shipped,2026-04-24,2025-01-23
1578,apple,8.0,Dolor nisi dolor minim ea incididunt consectetur sit.,shipped,2026-01-01,2026-01-24
2670,Mango,8.0,Ea elit et sit consequat dolor eiusmod eiusmod ex tempor aliquip adipiscing.,delivered,2026-04-26,2025-10-31
1058,Mango,N/A,Consectetur sit ullamco adipiscing consectetur consequat tempor ullamco amet consequat irure.,packed,2025-01-29,2026-01-24
1023,Apple,8.0,Aliquip ullamco sed ea et consectetur sit nisi tempor.,delivered,2026-03-25,2025-09-08
2532,Mango,N/A,Tempor consectetur ea consectetur consequat amet nisi laboris exercitation ut ut aliquip.,delivered,2025-03-29,2025-10-09
2742,Mango,100.0,Aliqua ea aute veniam adipiscing minim ut exercitation dolor.,ordered,2025-10-04,2025-11-15
2981,Orange,45.0,Sed sed veniam nostrud consequat ad nisi in aliquip ullamco aute elit minim labore.,delivered,2025-11-20,2025-02-16
2787,Apple,8.0,Nisi irure consequat commodo et ea consequat dolor et incididunt ut ad.,delivered,2025-09-17,2025-10-20
2594,banana,22.99,Commodo eiusmod ut incididunt dolor aliqua dolore minim ad consectetur.,shipped,2026-03-21,2025-05-09
2966,Apple,100.0,Et sed ut do irure voluptate et laboris incididunt commodo lorem amet consectetur irure.,shipped,2025-01-25,2026-04-25
1321,Mango,error,Voluptate aliquip nostrud ipsum ex dolor consequat exercitation voluptate do duis aliquip enim aliqua.,packed,2026-02-11,2025-05-20
1738,orange,5.5,Sed nisi ea do et ullamco do nisi nisi nostrud.,packed,2025-09-22,2025-10-01
2920,ORANGE,5.5,Quis adipiscing dolor aliqua ea ad dolor quis aliquip labore commodo nostrud.,shipped,2025-12-29,2026-04-13
2501,apple,8.0,Ut sed amet ut incididunt aliquip laboris adipiscing aliquip.,packed,2025-05-16,2025-05-29
2908,banana,12.5,Do reprehenderit dolore laboris consectetur dolore ut dolor tempor.,ordered,2025-10-11,2025-02-11
1569,mango,100.0,Et sit veniam do sit consectetur lorem lorem consectetur aute consectetur ut adipiscing.,delivered,2025-10-26,2025-12-13
2203,Mango,45.0,In minim ut consectetur ea irure ad commodo elit exercitation ut tempor dolor do.,delivered,2025-07-18,2025-05-17
2465,Apple,N/A,Magna ex sed consequat labore ipsum consectetur lorem aliqua elit tempor irure.,shipped,2026-01-30,2026-01-27
2989,Mango,N/A,Ad et et eiusmod reprehenderit et lorem quis sed veniam do laboris quis et.,delivered,2025-08-03,2025-08-27
1956,Apple,N/A,Voluptate exercitation voluptate irure tempor sit ut labore.,packed,2026-04-10,2026-01-18
2242,Orange,45.0,Veniam lorem exercitation enim elit quis ullamco sit adipiscing ex minim.,shipped,2025-12-22,2025-07-04
1502,APPLE,100.0,Magna ipsum eiusmod sit labore exercitation ea exercitation aliquip in amet et.,ordered,2025-07-22,2025-06-21
1402,Orange,12.5,Aliqua lorem exercitation in ut lorem reprehenderit aliquip consectetur do ipsum ut exercitation aliqua.,shipped,2026-05-12,2025-11-29
1697,apple,100.0,Nostrud quis amet labore incididunt consequat aliqua irure.,delivered,2026-02-27,2025-10-26
2386,mango,45.0,Elit aliqua labore veniam consectetur ex consectetur ut reprehenderit do veniam.,shipped,2025-02-17,2025-09-23
2856,mango,45.0,Enim dolore laboris dolor exercitation sed quis incididunt.,delivered,2026-01-22,2026-04-05
1525,Orange,5.5,Irure quis aute aliqua ad consequat in irure in minim ut exercitation.,ordered,2025-02-25,2026-02-09
2322,mango,5.5,Adipiscing aliqua in ad exercitation laboris ut exercitation ut ut dolor reprehenderit tempor.,packed,2025-04-23,2026-03-18
2516,banana,100.0,Laboris minim adipiscing irure voluptate voluptate aliqua lorem aliqua incididunt enim nostrud dolore.,ordered,2026-04-03,2026-01-18
1806,APPLE,45.0,Irure irure adipiscing dolor reprehenderit ea reprehenderit laboris in adipiscing in.,shipped,2026-05-24,2025-05-01
1288,Mango,22.99,Voluptate voluptate adipiscing eiusmod ipsum ea ut ad quis ea amet.,packed,2025-05-26,2025-11-09
1371,Mango,22.99,Lorem quis ea duis aute labore ad veniam magna exercitation ut.,packed,2025-02-01,2025-07-27
2847,banana,8.0,Dolor eiusmod ullamco labore sed nostrud ut aliquip veniam exercitation nisi voluptate ut ut.,delivered,2025-01-29,2026-05-26
2640,Orange,22.99,Ipsum tempor dolore consequat ea eiusmod ut voluptate.,shipped,2025-03-23,2026-05-15
1632,banana,N/A,Quis sit aliquip consequat irure eiusmod dolor ut sed sit et.,delivered,2026-05-17,2025-11-05
2704,Orange,100.0,Reprehenderit consequat aliqua consectetur adipiscing ex aliquip ut tempor ad.,shipped,2025-08-28,2025-03-07
1513,orange,5.5,Magna ut nisi elit ullamco consectetur ut quis nostrud.,packed,2025-05-06,2025-11-18
2153,Orange,12.5,Ut consectetur aute consectetur nisi incididunt tempor ad dolor et ut.,delivered,2025-03-14,2026-01-08
2699,banana,8.0,In ullamco dolore lorem ut veniam duis quis irure magna consequat ut aliqua.,delivered,2026-05-19,2026-04-06
2539,mango,100.0,Enim aliqua magna eiusmod reprehenderit dolor et lorem laboris dolor duis adipiscing aliqua labore.,shipped,2025-07-09,2025-03-14
2005,Mango,12.5,Quis veniam ad consectetur quis enim adipiscing et aliquip adipiscing.,ordered,2026-03-18,2025-03-20
2406,apple,100.0,Ipsum irure elit consequat enim nisi ullamco aliqua nisi ipsum dolore enim ut.,delivered,2025-07-27,2025-02-08
1503,ORANGE,8.0,Eiusmod sed veniam sed quis irure eiusmod lorem sit dolor.,shipped,2025-01-22,2026-02-15
1724,banana,100.0,Minim ut consectetur incididunt adipiscing dolore labore tempor magna ut.,shipped,2025-12-21,2026-04-11
2448,apple,N/A,Sit ut quis veniam ullamco ut dolor laboris labore reprehenderit.,delivered,2026-03-19,2025-09-11
2345,Banana,100.0,Irure veniam laboris dolor laboris dolor labore nisi irure nisi nostrud ex voluptate.,delivered,2025-05-13,2025-09-28
2762,mango,error,Enim ut elit sed commodo nisi veniam consectetur minim et consectetur reprehenderit ut.,delivered,2026-05-08,2025-02-19
1185,Orange,45.0,Voluptate consequat ad sit ex nisi voluptate ut ut nisi consectetur lorem veniam.,delivered,2025-06-12,2025-04-14
2874,ORANGE,8.0,Duis et sit ipsum tempor et commodo elit ut voluptate tempor nisi adipiscing amet.,shipped,2026-03-12,2026-02-22
1444,Banana,N/A,Et minim incididunt aliquip dolore ut laboris sit tempor eiusmod ullamco ut in.,shipped,2025-03-09,2025-10-08
2830,ORANGE,12.5,Irure minim sed in dolor incididunt lorem reprehenderit nostrud.,packed,2025-07-08,2025-02-25
2750,APPLE,5.5,Adipiscing tempor incididunt ea sit dolor lorem enim.,packed,2025-08-30,2025-12-03
2438,Banana,45.0,Aute enim ullamco ad et tempor magna aliqua ut enim do ut veniam amet.,delivered,2025-04-10,2025-07-04
2861,mango,22.99,Amet irure eiusmod do ea ex consectetur tempor ut dolor consectetur.,ordered,2025-12-21,2025-03-02
2912,orange,N/A,Consequat do eiusmod dolor adipiscing exercitation aliquip reprehenderit ullamco labore.,packed,2025-10-22,2026-04-03
1969,Banana,N/A,Irure quis consequat nostrud nostrud ipsum ut amet nostrud adipiscing aliqua nostrud quis.,shipped,2025-11-19,2026-04-19
2367,orange,error,Elit ea sit in sed elit consequat ut duis aliquip ut sit lorem tempor.,shipped,2025-07-14,2026-02-08
1514,Banana,22.99,Incididunt do adipiscing ea commodo magna sit adipiscing nisi voluptate.,ordered,2025-02-27,2026-04-20
2288,ORANGE,45.0,Magna ad ut ut dolor exercitation irure dolor dolor ut enim.,ordered,2025-08-12,2025-07-12
2106,Mango,N/A,Lorem nostrud irure laboris do reprehenderit labore aliquip.,delivered,2026-05-03,2026-04-02
2811,Mango,error,Et magna enim veniam ut ut ipsum incididunt commodo ullamco do.,shipped,2026-01-23,2025-12-29
2328,mango,error,Ea labore ex aliquip labore enim ad ut voluptate dolor voluptate et ea duis.,delivered,2026-02-10,2026-01-31
1735,APPLE,100.0,Magna ea lorem ea ullamco ea dolor ut ut ut elit duis.,shipped,2025-09-20,2025-05-24
1180,Orange,45.0,Reprehenderit consectetur sit tempor et dolor ullamco duis sed.,packed,2025-08-24,2026-05-12
1812,mango,12.5,Sit adipiscing aliqua do elit duis ipsum sit ea adipiscing.,packed,2025-05-05,2025-01-17
2269,Banana,100.0,Ex ut voluptate sed adipiscing exercitation et sit voluptate laboris in quis irure.,shipped,2025-01-27,2026-04-17
2649,mango,100.0,Nostrud dolor enim in laboris laboris ex magna nisi.,ordered,2025-02-21,2026-03-25
2035,ORANGE,error,Magna voluptate dolore ut quis aliqua nisi lorem reprehenderit ullamco.,packed,2026-02-23,2025-06-12
2799,Mango,12.5,Labore quis labore ullamco elit enim elit dolore ex adipiscing commodo ea.,shipped,2026-04-04,2025-06-12
1999,Banana,error,Consequat magna veniam ut ut enim dolor nisi enim sed laboris eiusmod ullamco.,delivered,2026-03-03,2026-02-12
1215,Orange,100.0,In incididunt aliquip dolore veniam voluptate aute magna.,delivered,2026-04-28,2025-06-23
1556,banana,error,Ex nisi commodo ullamco dolor et minim aliqua.,shipped,2026-03-04,2025-03-30
1470,banana,error,Duis reprehenderit do laboris aute veniam veniam consectetur.,packed,2025-10-02,2026-04-26
1861,APPLE,8.0,Consectetur consequat dolor ad ad reprehenderit eiusmod reprehenderit veniam lorem ea aute adipiscing commodo.,ordered,2026-01-30,2025-08-09
1196,apple,100.0,Ipsum exercitation eiusmod amet adipiscing sit sed commodo dolore.,packed,2025-03-10,2025-10-26
2572,Orange,45.0,Elit ipsum eiusmod veniam dolor enim ipsum amet.,shipped,2025-01-19,2025-09-08
1200,Apple,5.5,Ut irure nisi lorem ut nisi laboris ullamco ex sit ut aute duis.,packed,2025-06-28,2025-10-29
2740,banana,N/A,Voluptate ea ad ea amet dolor ut ut ut exercitation.,ordered,2026-04-22,2025-03-01
2838,apple,5.5,Consectetur adipiscing reprehenderit irure duis dolor exercitation laboris.,ordered,2025-07-26,2025-10-17
2284,APPLE,8.0,Duis elit dolore nisi ipsum aute aute do tempor.,ordered,2025-08-28,2025-05-23
